PUBLICATION_DATE,TAXA_ID,FAM_OR_CLS,FAMILY,FINAL_NAME,GENUS,HABITAT_NRSA,HERP,ITISTSN,MIGR_NRSA,REPROD_NRSA,SPECIES,TEMP_NRSA,TOL_VAL_EMAPW,TOLERANCE_NRSA,TROPHIC_NRSA,VEL_NRSA
2/4/2019,1,CATOSTOMIDAE,CATOSTOMIDAE,ALABAMA HOG SUCKER,HYPENTELIUM,B,,163950,N,C,ETOWANUM,WM,,S,I,R
2/4/2019,10,CATOSTOMIDAE,CATOSTOMIDAE,APALACHICOLA REDHORSE,MOXOSTOMA,B,,689763,N,C,CF. POECILURUM,WM,,,O,O
2/4/2019,100,ATHERINIDAE,ATHERINIDAE,BROOK SILVERSIDE,LABIDESTHES,W,,166016,N,O,SICCULUS,WM,,S,I,O
2/4/2019,101,GASTEROSTEIDAE,GASTEROSTEIDAE,BROOK STICKLEBACK,CULAEA,W,,166399,N,G,INCONSTANS,CL,9.4,T,I,P
2/4/2019,102,SALMONIDAE,SALMONIDAE,BROOK TROUT,SALVELINUS,W,,162003,N,C,FONTINALIS,CD,1.7,S,C,R
2/4/2019,103,ICTALURIDAE,ICTALURIDAE,BROWN BULLHEAD,AMEIURUS,B,,164043,N,G,NEBULOSUS,WM,7.3,T,O,O
2/4/2019,104,ICTALURIDAE,ICTALURIDAE,BROWN MADTOM,NOTURUS,B,,164022,N,G,PHAEUS,WM,,,I,O
2/4/2019,105,SALMONIDAE,SALMONIDAE,BROWN TROUT,SALMO,W,,161997,Y,C,TRUTTA,CD,2.7,I,C,R
2/4/2019,106,CYPRINIDAE,CYPRINIDAE,BULL CHUB,NOCOMIS,B,,163398,N,C,RANEYI,WM,,I,O,O
2/4/2019,107,SALMONIDAE,SALMONIDAE,BULL TROUT,SALVELINUS,W,,162004,Y,C,CONFLUENTUS,CD,0.7,S,C,R
2/4/2019,108,RANIDAE,RANIDAE,BULLFROG,RANA,E,A,,N,O,CATESBEIANA,WM,6.6,,C,P
2/4/2019,109,RANIDAE,RANIDAE,BULLFROG TADPOLE,RANA,E,A,,N,O,CATESBEIANA,WM,,,H,P
2/4/2019,11,SALMONIDAE,SALMONIDAE,ARCTIC GRAYLING,THYMALLUS,W,,162016,Y,C,ARCTICUS,CD,,,C,R
2/4/2019,110,CYPRINIDAE,CYPRINIDAE,BULLHEAD MINNOW,PIMEPHALES,B,,163518,N,G,VIGILAX,WM,,T,I,O
2/4/2019,111,GADIDAE,GADIDAE,BURBOT,LOTA,B,,164725,Y,C,LOTA,CD,2,S,C,P
2/4/2019,112,CYPRINIDAE,CYPRINIDAE,CAHABA SHINER,NOTROPIS,W,,163480,N,O,CAHABAE,WM,,,O,O
2/4/2019,113,CYPRINIDAE,CYPRINIDAE,CALIFORNIA ROACH,HESPEROLEUCUS,W,,163565,N,O,SYMMETRICUS,WM,5,S,O,O
2/4/2019,114,CYPRINIDAE,CYPRINIDAE,CARDINAL SHINER,LUXILUS,W,,163828,N,C,CARDINALIS,WM,,S,I,O
2/4/2019,115,CYPRINIDAE,CYPRINIDAE,CARMINE SHINER,NOTROPIS,W,,689522,N,O,PERCOBROMUS,WM,,,O,O
2/4/2019,116,PERCIDAE,PERCIDAE,CAROLINA DARTER,ETHEOSTOMA,B,,168383,N,G,COLLIS,CL,,,I,R
2/4/2019,117,UMBRIDAE,UMBRIDAE,CENTRAL MUDMINNOW,UMBRA,B,,162153,N,G,LIMI,WM,8,T,I,P
2/4/2019,118,CYPRINIDAE,CYPRINIDAE,CENTRAL STONEROLLER,CAMPOSTOMA,B,,163508,N,C,ANOMALUM,WM,6.3,T,H,R
2/4/2019,119,ESOCIDAE,ESOCIDAE,CHAIN PICKEREL,ESOX,W,,162143,N,O,NIGER,CL,,I,C,P
2/4/2019,12,PERCIDAE,PERCIDAE,ARKANSAS DARTER,ETHEOSTOMA,B,,168386,N,G,CRAGINI,CL,7,S,I,R
2/4/2019,120,ICTALURIDAE,ICTALURIDAE,CHANNEL CATFISH,ICTALURUS,B,,163998,N,G,PUNCTATUS,WM,8.9,T,O,O
2/4/2019,121,PERCIDAE,PERCIDAE,CHANNEL DARTER,PERCINA,B,,168480,N,C,COPELANDI,CL,,S,I,R
2/4/2019,122,CYPRINIDAE,CYPRINIDAE,CHANNEL SHINER,NOTROPIS,W,,163491,Y,O,WICKLIFFI,WM,,,I,O
2/4/2019,123,COTTIDAE,COTTIDAE,CHATTAHOOCHEE SCULPIN,COTTUS,B,,,N,G,CHATTAHOOCHEE,CL,,,I,R
2/4/2019,124,PERCIDAE,PERCIDAE,CHEROKEE DARTER,ETHEOSTOMA,B,,553382,N,O,SCOTTI,CL,,,I,R
2/4/2019,125,CYPRINIDAE,CYPRINIDAE,CHERRYFIN SHINER,LYTHRURUS,W,,163857,N,C,ROSEIPINNIS,WM,,,O,O
2/4/2019,126,PETROMYZONTIDAE,PETROMYZONTIDAE,CHESTNUT LAMPREY,ICHTHYOMYZON,B,,159725,Y,C,CASTANEUS,WM,,S,C,O
2/4/2019,127,PERCIDAE,PERCIDAE,CHICKASAW DARTER,ETHEOSTOMA,B,,,N,C,CERVUS,CL,,,I,R
2/4/2019,128,SALMONIDAE,SALMONIDAE,CHINOOK SALMON,ONCORHYNCHUS,W,,161980,Y,C,TSHAWYTSCHA,CD,2.5,S,I,R
2/4/2019,129,SALMONIDAE,SALMONIDAE,CHINOOK SALMON (YOY),ONCORHYNCHUS,W,,161980,Y,C,TSHAWYTSCHA,CD,,,I,R
2/4/2019,13,PERCIDAE,PERCIDAE,ARKANSAS SADDLED DARTER,ETHEOSTOMA,B,,168392,N,C,EUZONUM,CL,,I,I,R
2/4/2019,130,CYPRINIDAE,CYPRINIDAE,CHISELMOUTH,ACROCHEILUS,B,,163531,N,C,ALUTACEUS,CL,4.9,I,H,R
2/4/2019,131,PERCIDAE,PERCIDAE,CHRISTMAS DARTER,ETHEOSTOMA,B,,168399,N,C,HOPKINSI,CL,,,I,R
2/4/2019,132,CYPRINIDAE,CYPRINIDAE,CHUB SHINER,NOTROPIS,B,,163416,N,O,POTTERI,WM,,,I,O
2/4/2019,133,CYPRINIDAE,CYPRINIDAE,CLEAR CHUB,HYBOPSIS,W,,201918,N,C,WINCHELLI,WM,,,I,O
2/4/2019,134,COTTIDAE,COTTIDAE,CLINCH SCULPIN,COTTUS,B,,,N,G,CF. BROADBAND SCULPIN,CL,,,I,R
2/4/2019,135,SALMONIDAE,SALMONIDAE,COASTAL CUTTHROAT TROUT,ONCORHYNCHUS,W,,201900,Y,C,CLARKII CLARKII,CD,,,C,R
2/4/2019,136,CYPRINIDAE,CYPRINIDAE,COASTAL SHINER,NOTROPIS,W,,163460,N,C,PETERSONI,WM,,,O,O
2/4/2019,137,COTTIDAE,COTTIDAE,COASTRANGE SCULPIN,COTTUS,B,,167230,N,G,ALEUTICUS,CL,0.6,S,I,R
2/4/2019,138,SALMONIDAE,SALMONIDAE,COHO SALMON,ONCORHYNCHUS,W,,161977,Y,C,KISUTCH,CD,2.1,S,I,R
2/4/2019,139,PERCIDAE,PERCIDAE,COLDWATER DARTER,ETHEOSTOMA,W,,168388,N,O,DITREMA,CL,,,I,R
2/4/2019,14,PERCIDAE,PERCIDAE,ARROW DARTER,ETHEOSTOMA,B,,168430,N,G,SAGITTA,CL,,,I,R
2/4/2019,140,CYPRINIDAE,CYPRINIDAE,COLORADO PIKEMINNOW,PTYCHOCHEILUS,W,,163525,Y,C,LUCIUS,WM,3.5,I,C,R
2/4/2019,141,SALMONIDAE,SALMONIDAE,COLORADO RIVER CUTTHROAT TROUT,ONCORHYNCHUS,W,,553429,Y,C,CLARKII PLEURITICUS,CD,,,C,R
2/4/2019,142,CYPRINIDAE,CYPRINIDAE,COMELY SHINER,NOTROPIS,W,,163401,N,C,AMOENUS,CL,,S,I,O
2/4/2019,143,CYPRINIDAE,CYPRINIDAE,COMMON CARP,CYPRINUS,B,,163344,N,O,CARPIO,WM,9.1,T,O,O
2/4/2019,144,CYPRINIDAE,CYPRINIDAE,COMMON SHINER,LUXILUS,W,,163836,N,C,CORNUTUS,CL,8.2,T,O,O
2/4/2019,145,CENTROPOMIDAE,CENTROPOMIDAE,COMMON SNOOK,CENTROPOMUS,W,,167648,N,O,UNDECIMALIS,WM,,,C,O
2/4/2019,146,CONGRIDAE,CONGRIDAE,CONGER EEL,CONGER,B,,161326,N,O,OCEANICUS,CL,,,C,O
2/4/2019,147,CYPRINIDAE,CYPRINIDAE,COOSA CHUB,MACRHYBOPSIS,B,,,N,D,CF. AESTIVALIS,WM,,,O,O
2/4/2019,148,PERCIDAE,PERCIDAE,COOSA DARTER,ETHEOSTOMA,B,,168385,N,O,COOSAE,CL,,,I,R
2/4/2019,149,CYPRINIDAE,CYPRINIDAE,COOSA SHINER,NOTROPIS,W,,163474,N,O,XAENOCEPHALUS,WM,,,O,O
2/4/2019,15,BELONIDAE,BELONIDAE,ATLANTIC NEEDLEFISH,STRONGYLURA,W,,165551,N,O,MARINA,WM,,,C,O
2/4/2019,150,PERCIDAE,PERCIDAE,COPPERCHEEK DARTER,ETHEOSTOMA,B,,168371,N,G,AQUALI,CL,,,I,R
2/4/2019,151,CYPRINIDAE,CYPRINIDAE,CREEK CHUB,SEMOTILUS,W,,163376,N,C,ATROMACULATUS,CL,7.6,I,O,O
2/4/2019,152,CYPRINIDAE,CYPRINIDAE,CREEK CHUB X STRIPED SHINER,SEMOTILUS X LUXILUS,W,,,N,C,ATROMACULATUS  X CHRYSOCEPHALUS,CL,,,O,O
2/4/2019,153,CATOSTOMIDAE,CATOSTOMIDAE,CREEK CHUBSUCKER,ERIMYZON,W,,163924,N,C,OBLONGUS,WM,,I,O,O
2/4/2019,154,PERCIDAE,PERCIDAE,CREOLE DARTER,ETHEOSTOMA,B,,168382,N,C,COLLETTEI,CL,,,I,R
2/4/2019,155,CYPRINIDAE,CYPRINIDAE,CRESCENT SHINER,LUXILUS,W,,163830,N,C,CERASINUS,WM,,I,I,O
2/4/2019,156,CYPRINIDAE,CYPRINIDAE,CRYSTAL DARTER,CRYSTALLARIA,B,,201982,N,C,ASPRELLA,CL,,S,I,R
2/4/2019,157,SALMONIDAE,SALMONIDAE,CUTBOW,ONCORHYNCHUS,W,,,Y,C,CLARKII X MYKISS,CD,,,C,R
2/4/2019,158,CYPRINIDAE,CYPRINIDAE,CUTLIP MINNOW,EXOGLOSSUM,B,,163356,N,C,MAXILLINGUA,CL,,I,I,O
2/4/2019,159,SALMONIDAE,SALMONIDAE,CUTTHROAT TROUT,ONCORHYNCHUS,W,,161983,Y,C,CLARKII,CD,1.5,S,C,R
2/4/2019,16,SALMONIDAE,SALMONIDAE,ATLANTIC SALMON,SALMO,W,,161996,Y,C,SALAR,CD,,,I,R
2/4/2019,160,PERCIDAE,PERCIDAE,CYPRESS DARTER,ETHEOSTOMA,B,,168424,N,C,PROELIARE,WM,,S,I,P
2/4/2019,161,CYPRINIDAE,CYPRINIDAE,CYPRESS MINNOW,HYBOGNATHUS,B,,163364,N,O,HAYI,WM,,S,O,O
2/4/2019,162,CATOSTOMIDAE,CATOSTOMIDAE,DESERT SUCKER,CATOSTOMUS,B,,163901,Y,C,CLARKII,WM,3.4,I,H,R
2/4/2019,163,CYPRINIDAE,CYPRINIDAE,DEVILS RIVER MINNOW,DIONDA,B,,163514,N,C,DIABOLI,WM,,,H,O
2/4/2019,164,CYPRINIDAE,CYPRINIDAE,DIXIE CHUB,SEMOTILUS,W,,163379,N,C,THOREAUIANUS,WM,,,O,P
2/4/2019,165,CENTRARCHIDAE,CENTRARCHIDAE,DOLLAR SUNFISH,LEPOMIS,W,,168152,N,G,MARGINATUS,WM,,T,I,P
2/4/2019,166,SALMONIDAE,SALMONIDAE,DOLLY VARDEN,SALVELINUS,W,,162000,Y,C,MALMA,CD,,,C,R
2/4/2019,167,PERCIDAE,PERCIDAE,DUCK DARTER,ETHEOSTOMA,B,,,N,C,PLANASAXATILE,CL,,,I,R
2/4/2019,168,PERCIDAE,PERCIDAE,DUSKY DARTER,PERCINA,B,,168475,N,C,SCIERA,CL,,S,I,O
2/4/2019,169,CYPRINIDAE,CYPRINIDAE,DUSKY SHINER,NOTROPIS,W,,163438,N,G,CUMMINGSAE,WM,,,O,O
2/4/2019,17,SALMONIDAE,SALMONIDAE,ATLANTIC SALMON JUVENILE,SALMO,W,,161996,Y,C,SALAR,CD,,,I,R
2/4/2019,170,CYPRINIDAE,CYPRINIDAE,DUSKYSTRIPE SHINER,LUXILUS,W,,163838,N,C,PILSBRYI,WM,,I,I,O
2/4/2019,171,CYPRINIDAE,CYPRINIDAE,EASTERN BLACKNOSE DACE,RHINICHTHYS,B,,163382,N,C,ATRATULUS,CL,7.3,T,O,R
2/4/2019,172,POECILIIDAE,POECILIIDAE,EASTERN MOSQUITOFISH,GAMBUSIA,W,,165896,N,G,HOLBROOKI,WM,,I,I,P
2/4/2019,173,UMBRIDAE,UMBRIDAE,EASTERN MUDMINNOW,UMBRA,B,,162148,N,G,PYGMAEA,WM,,T,I,P
2/4/2019,174,PERCIDAE,PERCIDAE,EASTERN SAND DARTER,AMMOCRYPTA,B,,168517,N,C,PELLUCIDA,CL,,,I,R
2/4/2019,175,CYPRINIDAE,CYPRINIDAE,EASTERN SILVERY MINNOW,HYBOGNATHUS,B,,163359,N,O,REGIUS,WM,,I,O,O
2/4/2019,176,PERCIDAE,PERCIDAE,EASTRIM DARTER,ETHEOSTOMA,B,,,N,C,ORIENTALE,CL,,,I,R
2/4/2019,177,ICTALURIDAE,ICTALURIDAE,ELEGANT MADTOM,NOTURUS,B,,164008,N,G,ELEGANS,WM,,,I,O
2/4/2019,178,PERCIDAE,PERCIDAE,EMERALD DARTER,ETHEOSTOMA,B,,168452,N,C,BAILEYI,CL,,,I,R
2/4/2019,179,CYPRINIDAE,CYPRINIDAE,EMERALD SHINER,NOTROPIS,W,,163412,N,O,ATHERINOIDES,CL,6.9,I,O,O
2/4/2019,18,ATHERINIDAE,ATHERINIDAE,ATLANTIC SILVERSIDE,MENIDIA,W,,,N,O,MENIDIA,WM,,,I,O
2/4/2019,180,OSMERIDAE,OSMERIDAE,EULACHON,THALEICHTHYS,W,,162051,Y,C,PACIFICUS,CD,,,I,O
2/4/2019,181,CYPRINIDAE,CYPRINIDAE,FALLFISH,SEMOTILUS,W,,163375,N,C,CORPORALIS,CL,,I,O,O
2/4/2019,182,PERCIDAE,PERCIDAE,FANTAIL DARTER,ETHEOSTOMA,B,,168394,N,G,FLABELLARE,CL,,I,I,R
2/4/2019,183,CENTROPOMIDAE,CENTROPOMIDAE,SMALLSCALE FAT SNOOK,CENTROPOMUS,W,,167646,N,O,PARALLELUS,WM,,,C,O
2/4/2019,184,CYPRINIDAE,CYPRINIDAE,FATHEAD MINNOW,PIMEPHALES,W,,163517,N,G,PROMELAS,WM,8.3,T,O,O
2/4/2019,185,CYPRINIDAE,CYPRINIDAE,FIERYBLACK SHINER,CYPRINELLA,W,,163801,N,O,PYRRHOMELAS,WM,,,I,O
2/4/2019,186,CYPRINIDAE,CYPRINIDAE,FINESCALE DACE,PHOXINUS,B,,163594,N,O,NEOGAEUS,CL,,S,I,O
2/4/2019,187,CYPRINIDAE,CYPRINIDAE,FLAGFIN SHINER,PTERONOTROPIS,W,,201942,N,O,SIGNIPINNIS,WM,,,O,O
2/4/2019,188,CYPRINODONTIDAE,CYPRINODONTIDAE,FLAGFISH,JORDANELLA,W,,165694,N,G,FLORIDAE,WM,,,H,O
2/4/2019,189,CATOSTOMIDAE,CATOSTOMIDAE,FLANNELMOUTH SUCKER,CATOSTOMUS,B,,163906,Y,C,LATIPINNIS,WM,6,I,O,R
2/4/2019,19,PERCIDAE,PERCIDAE,BANDED DARTER,ETHEOSTOMA,B,,168449,N,O,ZONALE,CL,,S,I,R
2/4/2019,190,CATOSTOMIDAE,CATOSTOMIDAE,FLANNELMOUTH SUCKER X WHITE SUCKER,CATOSTOMUS,B,,,Y,C,LATIPINNIS X COMMERSONI,WM,,,O,R
2/4/2019,191,ICTALURIDAE,ICTALURIDAE,FLAT BULLHEAD,AMEIURUS,B,,164045,N,G,PLATYCEPHALUS,WM,,,O,O
2/4/2019,192,ICTALURIDAE,ICTALURIDAE,FLATHEAD CATFISH,PYLODICTIS,B,,164029,N,G,OLIVARIS,WM,9,T,C,P
2/4/2019,193,CYPRINIDAE,CYPRINIDAE,FLATHEAD CHUB,PLATYGOBIO,B,,163882,N,D,GRACILIS,CL,8,I,I,O
2/4/2019,194,CENTRARCHIDAE,CENTRARCHIDAE,FLIER,CENTRARCHUS,W,,168102,N,G,MACROPTERUS,WM,,S,I,P
2/4/2019,195,LEPISOSTEIDAE,LEPISOSTEIDAE,FLORIDA GAR,LEPISOSTEUS,W,,161098,N,O,PLATYRHINCUS,WM,,,C,P
2/4/2019,196,PERCIDAE,PERCIDAE,FRECKLEBELLY DARTER,PERCINA,B,,553386,N,C,STICTOGASTER,WM,,,I,O
2/4/2019,197,ICTALURIDAE,ICTALURIDAE,FRECKLEBELLY MADTOM,NOTURUS,B,,164021,N,G,MUNITUS,WM,,,I,O
2/4/2019,198,ICTALURIDAE,ICTALURIDAE,FRECKLED MADTOM,NOTURUS,B,,164005,N,G,NOCTURNUS,WM,,I,I,O
2/4/2019,199,SCIAENIDAE,SCIAENIDAE,FRESHWATER DRUM,APLODINOTUS,B,,169364,Y,O,GRUNNIENS,WM,10,T,C,O
2/4/2019,2,CLUPEIDAE,CLUPEIDAE,ALABAMA SHAD,ALOSA,W,,161705,Y,C,ALABAMAE,WM,,I,C,O
2/4/2019,20,FUNDULIDAE,FUNDULIDAE,BANDED KILLIFISH,FUNDULUS,W,,165646,N,O,DIAPHANUS,CL,6,T,I,P
2/4/2019,200,GOBIIDAE,GOBIIDAE,FRESHWATER GOBY,CTENOGOBIUS,B,,636837,N,O,SHUFELDTI,WM,,,O,O
2/4/2019,201,PERCIDAE,PERCIDAE,FRINGED DARTER,ETHEOSTOMA,B,,168454,N,G,CROSSOPTERUM,CL,,,I,R
2/4/2019,202,CYPRINIDAE,CYPRINIDAE,GHOST SHINER,NOTROPIS,W,,163414,N,C,BUCHANANI,WM,,I,I,O
2/4/2019,203,PERCIDAE,PERCIDAE,GILT DARTER,PERCINA,B,,168483,N,C,EVIDES,CL,,S,I,R
2/4/2019,204,CLUPEIDAE,CLUPEIDAE,GIZZARD SHAD,DOROSOMA,W,,161737,N,O,CEPEDIANUM,WM,7.9,T,O,O
2/4/2019,205,PERCIDAE,PERCIDAE,GLASSY DARTER,ETHEOSTOMA,B,,168364,N,G,VITREUM,CL,,I,I,R
2/4/2019,206,CATOSTOMIDAE,CATOSTOMIDAE,GOLDEN REDHORSE,MOXOSTOMA,B,,163939,N,C,ERYTHRURUM,WM,7.4,I,I,O
2/4/2019,207,CYPRINIDAE,CYPRINIDAE,GOLDEN SHINER,NOTEMIGONUS,W,,163368,N,O,CRYSOLEUCAS,WM,6.4,I,O,O
2/4/2019,208,FUNDULIDAE,FUNDULIDAE,GOLDEN TOPMINNOW,FUNDULUS,W,,165652,N,O,CHRYSOTUS,WM,,S,I,P
2/4/2019,209,HIODONTIDAE,HIODONTIDAE,GOLDEYE,HIODON,W,,161905,Y,C,ALOSOIDES,CL,9.3,T,C,P
2/4/2019,21,ELASSOMATIDAE,ELASSOMATIDAE,BANDED PYGMY SUNFISH,ELASSOMA,W,,168171,N,G,ZONATUM,WM,,S,I,P
2/4/2019,210,CYPRINIDAE,CYPRINIDAE,GOLDFISH,CARASSIUS,B,,163350,N,O,AURATUS,WM,9,T,O,O
2/4/2019,211,PERCIDAE,PERCIDAE,GOLDLINE DARTER,PERCINA,B,,168478,N,C,AUROLINEATA,CL,,,I,O
2/4/2019,212,PERCIDAE,PERCIDAE,GOLDSTRIPE DARTER,ETHEOSTOMA,B,,168421,N,C,PARVIPINNE,CL,,S,I,R
2/4/2019,213,CYPRINIDAE,CYPRINIDAE,GRASS CARP,CTENOPHARYNGODON,W,,163537,N,O,IDELLA,WM,9,T,H,O
2/4/2019,214,ESOCIDAE,ESOCIDAE,GRASS PICKEREL,ESOX,W,,162140,N,O,AMERICANUS VERMICULATUS,CL,,I,C,P
2/4/2019,215,CYPRINIDAE,CYPRINIDAE,GRAVEL CHUB,ERIMYSTAX,B,,163824,N,C,X-PUNCTATUS,CL,,S,H,R
2/4/2019,216,CATOSTOMIDAE,CATOSTOMIDAE,GRAY REDHORSE,MOXOSTOMA,B,,163931,N,C,CONGESTUM,WM,,,O,O
2/4/2019,217,CATOSTOMIDAE,CATOSTOMIDAE,GREATER JUMPROCK,MOXOSTOMA,B,,163942,N,C,LACHNERI,WM,,,I,O
2/4/2019,218,CATOSTOMIDAE,CATOSTOMIDAE,GREATER REDHORSE,MOXOSTOMA,B,,163947,N,C,VALENCIENNESI,CL,,,I,O
2/4/2019,219,CENTRARCHIDAE,CENTRARCHIDAE,GREEN SUNFISH,LEPOMIS,W,,168132,N,G,CYANELLUS,WM,7.2,T,C,P
2/4/2019,22,COTTIDAE,COTTIDAE,BANDED SCULPIN,COTTUS,B,,167239,N,G,CAROLINAE,CL,,I,I,R
2/4/2019,220,CENTRARCHIDAE,CENTRARCHIDAE,GREEN SUNFISH HYBRID,LEPOMIS,W,,,N,G,,WM,,,C,P
2/4/2019,221,CENTRARCHIDAE,CENTRARCHIDAE,GREEN SUNFISH X LONGEAR SUNFISH,LEPOMIS,W,,,N,G,CYANELLUS X MEGALOTIS,WM,,,C,P
2/4/2019,222,CENTRARCHIDAE,CENTRARCHIDAE,GREEN SUNFISH X PUMPKINSEED,LEPOMIS,W,,,N,G,CYANELLUS X GIBBOSUS,WM,,,C,P
2/4/2019,223,CENTRARCHIDAE,CENTRARCHIDAE,GREEN SUNFISH X REDBREAST SUNFISH,LEPOMIS,W,,,N,G,CYANELLUS X AURITIS,WM,,,C,P
2/4/2019,224,CENTRARCHIDAE,CENTRARCHIDAE,GREEN SUNFISH X REDEAR SUNFISH,LEPOMIS,W,,,N,G,CYANELLUS X MICROLOPHUS,WM,,,C,P
2/4/2019,225,CENTRARCHIDAE,CENTRARCHIDAE,GREEN SUNFISH X WARMOUTH,LEPOMIS,W,,,N,G,CYANELLUS X GULOSUS,WM,,,C,P
2/4/2019,226,CYPRINIDAE,CYPRINIDAE,GREENFIN SHINER,CYPRINELLA,W,,163778,N,O,CHLORISTIA,WM,,,I,O
2/4/2019,227,CYPRINIDAE,CYPRINIDAE,GREENHEAD SHINER,NOTROPIS,W,,163436,N,C,CHLOROCEPHALUS,WM,,,O,O
2/4/2019,228,PERCIDAE,PERCIDAE,GREENSIDE DARTER,ETHEOSTOMA,B,,168375,N,G,BLENNIOIDES,CL,,S,I,R
2/4/2019,229,PERCIDAE,PERCIDAE,GREENTHROAT DARTER,ETHEOSTOMA,B,,168367,N,O,LEPIDUM,CL,,,I,R
2/4/2019,23,CENTRARCHIDAE,CENTRARCHIDAE,BANDED SUNFISH,ENNEACANTHUS,W,,168117,N,G,OBESUS,WM,,S,I,P
2/4/2019,230,CENTRARCHIDAE,CENTRARCHIDAE,GUADALUPE BASS,MICROPTERUS,W,,168162,N,G,TRECULII,WM,,,C,P
2/4/2019,231,PERCIDAE,PERCIDAE,GULF DARTER,ETHEOSTOMA,B,,168439,N,C,SWAINI,CL,,,I,R
2/4/2019,232,FUNDULIDAE,FUNDULIDAE,GULF KILLIFISH,FUNDULUS,W,,165651,N,O,GRANDIS,WM,,,O,P
2/4/2019,233,PERCIDAE,PERCIDAE,GULF LOGPERCH,PERCINA,B,,650180,N,C,SUTTKUSI,WM,,,I,O
2/4/2019,234,CLUPEIDAE,CLUPEIDAE,GULF MENHADEN,BREVOORTIA,W,,161734,N,O,PATRONUS,WM,,,O,O
2/4/2019,235,CYPRINIDAE,CYPRINIDAE,HARDHEAD,MYLOPHARODON,B,,163587,N,C,CONOCEPHALUS,WM,,,O,O
2/4/2019,236,PERCIDAE,PERCIDAE,HARLEQUIN DARTER,ETHEOSTOMA,B,,168398,N,G,HISTRIO,CL,,S,I,R
2/4/2019,237,ICTALURIDAE,ICTALURIDAE,HEADWATER CATFISH,ICTALURUS,B,,164001,N,G,LUPUS,WM,,,O,O
2/4/2019,238,CLUPEIDAE,CLUPEIDAE,HICKORY SHAD,ALOSA,W,,161704,Y,O,MEDIOCRIS,CL,,,I,O
2/4/2019,239,CYPRINIDAE,CYPRINIDAE,HIGHBACK CHUB,HYBOPSIS,W,,163482,N,C,HYPSINOTUS,CL,,,I,O
2/4/2019,24,CYPRINIDAE,CYPRINIDAE,BANDFIN SHINER,LUXILUS,W,,163843,N,C,ZONISTIUS,WM,,,I,O
2/4/2019,240,CATOSTOMIDAE,CATOSTOMIDAE,HIGHFIN CARPSUCKER,CARPIODES,B,,163920,Y,C,VELIFER,WM,,S,O,O
2/4/2019,241,CYPRINIDAE,CYPRINIDAE,HIGHFIN SHINER,NOTROPIS,W,,163423,N,C,ALTIPINNIS,WM,,,O,O
2/4/2019,242,CYPRINIDAE,CYPRINIDAE,HIGHLAND SHINER,NOTROPIS,W,,201916,N,C,MICROPTERYX,WM,,,O,O
2/4/2019,243,CYPRINIDAE,CYPRINIDAE,HIGHSCALE SHINER,NOTROPIS,W,,163449,N,O,HYPSILEPIS,WM,,,O,O
2/4/2019,244,ACHIRIDAE,ACHIRIDAE,HOGCHOKER,TRINECTES,B,,172982,Y,O,MACULATUS,WM,,,I,O
2/4/2019,245,CYPRINIDAE,CYPRINIDAE,HORNYHEAD CHUB,NOCOMIS,W,,163395,N,G,BIGUTTATUS,WM,6,I,O,O
2/4/2019,246,CYPRINIDAE,CYPRINIDAE,HUMPBACK CHUB,GILA,W,,163551,Y,C,CYPHA,WM,4,S,I,R
2/4/2019,247,SALMONIDAE,SALMONIDAE,HYBRID COLORADO RIVER CUTTHROAT TROUT,ONCORHYNCHUS,W,,,Y,C,,CD,,,C,R
2/4/2019,248,CENTRARCHIDAE,CENTRARCHIDAE,HYBRID LEPOMIS,LEPOMIS,W,,,N,G,,WM,,,C,P
2/4/2019,249,CYPRINIDAE,CYPRINIDAE,HYBRID MINNOW,,W,,,N,O,,WM,,,O,O
2/4/2019,25,CYPRINIDAE,CYPRINIDAE,BANNERFIN SHINER,CYPRINELLA,W,,163788,N,O,LEEDSI,WM,,,I,O
2/4/2019,250,CENTRARCHIDAE,CENTRARCHIDAE,HYBRID SUNFISH,LEPOMIS,W,,,N,G,,WM,8,,C,P
2/4/2019,251,ATHERINIDAE,ATHERINIDAE,INLAND SILVERSIDE,MENIDIA,W,,165993,N,O,BERYLLINA,WM,,I,I,O
2/4/2019,252,PERCIDAE,PERCIDAE,IOWA DARTER,ETHEOSTOMA,B,,168393,N,G,EXILE,CL,7.5,I,I,O
2/4/2019,253,CYPRINIDAE,CYPRINIDAE,IRONCOLOR SHINER,NOTROPIS,W,,163403,N,O,CHALYBAEUS,WM,,I,I,O
2/4/2019,254,PERCIDAE,PERCIDAE,JOHNNY DARTER,ETHEOSTOMA,B,,168369,N,G,NIGRUM,WM,7.8,T,I,O
2/4/2019,255,COTTIDAE,COTTIDAE,KANAWHA SCULPIN,COTTUS,B,,692078,N,G,KANAWHAE,CL,,,I,R
2/4/2019,256,PERCIDAE,PERCIDAE,KENTUCKY DARTER,ETHEOSTOMA,B,,168460,N,C,RAFINESQUEI,CL,,,I,R
2/4/2019,257,CATOSTOMIDAE,CATOSTOMIDAE,KLAMATH LARGESCALE SUCKER,CATOSTOMUS,B,,163913,Y,C,SNYDERI,CL,3,I,O,R
2/4/2019,258,CATOSTOMIDAE,CATOSTOMIDAE,KLAMATH SMALLSCALE SUCKER,CATOSTOMUS,B,,163911,Y,C,RIMICULUS,CL,3.7,I,O,R
2/4/2019,259,ELOPIDAE,ELOPIDAE,LADYFISH,ELOPS,W,,161111,N,O,SAURUS,WM,,,C,O
2/4/2019,26,CENTRARCHIDAE,CENTRARCHIDAE,BANTAM SUNFISH,LEPOMIS,W,,168156,N,G,SYMMETRICUS,WM,,I,I,P
2/4/2019,260,SALMONIDAE,SALMONIDAE,LAHONTAN CUTTHROAT TROUT,ONCORHYNCHUS,W,,201902,Y,C,CLARKII HENSHAWI,CD,,,C,R
2/4/2019,261,CYPRINIDAE,CYPRINIDAE,LAHONTAN REDSIDE,RICHARDSONIUS,W,,163529,N,C,EGREGIUS,CL,4,I,I,O
2/4/2019,262,CATOSTOMIDAE,CATOSTOMIDAE,LAHONTAN SUCKER,PANTOSTEUS,B,,,N,C,LAHONTAN,CL,,,H,R
2/4/2019,263,CYPRINIDAE,CYPRINIDAE,LAKE CHUB,COUESIUS,W,,163535,N,C,PLUMBEUS,CL,5.5,I,I,O
2/4/2019,264,CATOSTOMIDAE,CATOSTOMIDAE,LAKE CHUBSUCKER,ERIMYZON,W,,163922,N,O,SUCETTA,WM,,S,O,O
2/4/2019,265,ACIPENSERIDAE,ACIPENSERIDAE,LAKE STURGEON,ACIPENSER,B,,161071,Y,C,FULVESCENS,CL,,S,I,R
2/4/2019,266,PETROMYZONTIDAE,PETROMYZONTIDAE,LAMPREY AMMOCOETE,,B,,,Y,C,,CL,,,O,O
2/4/2019,267,CENTRARCHIDAE,CENTRARCHIDAE,LARGEMOUTH BASS,MICROPTERUS,W,,168160,N,G,SALMOIDES,WM,5.9,T,C,P
2/4/2019,268,CENTRARCHIDAE,CENTRARCHIDAE,LARGEMOUTH BASS (YOY),MICROPTERUS,W,,168160,N,G,SALMOIDES,WM,,T,C,P
2/4/2019,269,CYPRINIDAE,CYPRINIDAE,LARGESCALE STONEROLLER,CAMPOSTOMA,B,,163509,N,C,OLIGOLEPIS,WM,,S,H,R
2/4/2019,27,ENGRAULIDAE,ENGRAULIDAE,BAY ANCHOVY,ANCHOA,W,,161839,Y,O,MITCHILLI,WM,,,O,O
2/4/2019,270,CATOSTOMIDAE,CATOSTOMIDAE,LARGESCALE SUCKER,CATOSTOMUS,B,,163896,Y,C,MACROCHEILUS,CL,3.2,I,O,R
2/4/2019,271,Eleotridae,ELEOTRIDAE,LARGE-SCALED SPINYCHEEK SLEEPER,ELEOTRIS,B,,636827,N,O,AMBLYOPSIS,WM,,,C,O
2/4/2019,272,POECILIIDAE,POECILIIDAE,LARGESPRING GAMBUSIA,GAMBUSIA,W,,165885,N,G,GEISERI,WM,,,I,P
2/4/2019,273,PETROMYZONTIDAE,PETROMYZONTIDAE,LEAST BROOK LAMPREY,LAMPETRA,B,,159705,Y,C,AEPYPTERA,WM,,I,O,O
2/4/2019,274,CYPRINIDAE,CYPRINIDAE,LEAST CHUB,IOTICHTHYS,W,,163567,N,O,PHLEGETHONTIS,CL,,,O,O
2/4/2019,275,POECILIIDAE,POECILIIDAE,LEAST KILLIFISH,HETERANDRIA,W,,165915,N,G,FORMOSA,WM,,,I,P
2/4/2019,276,CYPRINIDAE,CYPRINIDAE,LEATHERSIDE CHUB,SNYDERICHTHYS,W,,201945,N,O,COPEI,CL,4,I,O,O
2/4/2019,277,CYPRINIDAE,CYPRINIDAE,LEOPARD DACE,RHINICHTHYS,B,,163386,N,C,FALCATUS,CL,5,I,I,R
2/4/2019,278,PERCIDAE,PERCIDAE,LEOPARD DARTER,PERCINA,B,,168493,N,C,PANTHERINA,CL,,,I,O
2/4/2019,279,CYPRINIDAE,CYPRINIDAE,LINED CHUB,HYBOPSIS,W,,163484,N,C,LINEAPUNCTATA,WM,,,I,O
2/4/2019,28,BOTHIDAE,BOTHIDAE,BAY WHIFF,CITHARICHTHYS,B,,172725,N,O,SPILOPTERUS,WM,,,C,O
2/4/2019,280,FUNDULIDAE,FUNDULIDAE,LINED TOPMINNOW,FUNDULUS,W,,165662,N,O,LINEOLATUS,WM,,,O,P
2/4/2019,281,CATOSTOMIDAE,CATOSTOMIDAE,LITTLE COLORADO RIVER SUCKER,CATOSTOMUS,B,,,Y,C,CF. LATIPINNIS,WM,,,O,R
2/4/2019,282,PERCIDAE,PERCIDAE,LOGPERCH,PERCINA,B,,168472,N,C,CAPRODES,CL,,S,I,O
2/4/2019,283,CENTRARCHIDAE,CENTRARCHIDAE,LONGEAR SUNFISH,LEPOMIS,W,,168153,N,G,MEGALOTIS,WM,8,I,I,P
2/4/2019,284,CYPRINIDAE,CYPRINIDAE,LONGFIN DACE,AGOSIA,B,,163533,N,G,CHRYSOGASTER,WM,5,I,O,O
2/4/2019,285,PERCIDAE,PERCIDAE,LONGFIN DARTER,ETHEOSTOMA,B,,168406,N,G,LONGIMANUM,CL,,I,I,R
2/4/2019,286,PERCIDAE,PERCIDAE,LONGHEAD DARTER,PERCINA,B,,168486,N,C,MACROCEPHALA,CL,,,I,R
2/4/2019,287,CYPRINIDAE,CYPRINIDAE,LONGJAW MINNOW,NOTROPIS,W,,,N,O,AMPLAMALA,WM,,,O,O
2/4/2019,288,CYPRINIDAE,CYPRINIDAE,LONGNOSE DACE,RHINICHTHYS,B,,163384,N,C,CATARACTAE,CL,6.2,I,I,R
2/4/2019,289,PERCIDAE,PERCIDAE,LONGNOSE DARTER,PERCINA,B,,168489,N,C,NASUTA,CL,,S,I,R
2/4/2019,29,CYPRINIDAE,CYPRINIDAE,BEAUTIFUL SHINER,CYPRINELLA,W,,163780,N,O,FORMOSA,WM,,,I,O
2/4/2019,290,LEPISOSTEIDAE,LEPISOSTEIDAE,LONGNOSE GAR,LEPISOSTEUS,W,,161094,N,O,OSSEUS,WM,8,T,C,P
2/4/2019,291,CYPRINIDAE,CYPRINIDAE,LONGNOSE SHINER,NOTROPIS,W,,163452,N,C,LONGIROSTRIS,WM,,,I,O
2/4/2019,292,CATOSTOMIDAE,CATOSTOMIDAE,LONGNOSE SUCKER,CATOSTOMUS,B,,163894,Y,C,CATOSTOMUS,CD,4.6,I,I,R
2/4/2019,293,CATOSTOMIDAE,CATOSTOMIDAE,LONGNOSE SUCKER X WHITE SUCKER,CATOSTOMUS,B,,,Y,C,CATOSTOMUS X COMMERSONI,CL,,,O,R
2/4/2019,294,CYPRINIDAE,CYPRINIDAE,LOWLAND SHINER,PTERONOTROPIS,W,,,N,O,STONEI,WM,,,O,O
2/4/2019,295,COTTIDAE,COTTIDAE,MARBLED SCULPIN,COTTUS,B,,167245,N,G,KLAMATHENSIS,CL,2,S,I,R
2/4/2019,296,ICTALURIDAE,ICTALURIDAE,MARGINED MADTOM,NOTURUS,B,,164004,N,G,INSIGNIS,WM,,,I,O
2/4/2019,297,COTTIDAE,COTTIDAE,MARGINED SCULPIN,COTTUS,B,,167247,N,G,MARGINATUS,CL,,,I,R
2/4/2019,298,CICHLIDAE,CICHLIDAE,MAYAN CICHLID,CICHLASOMA,W,,169802,N,G,UROPHTHALMUS,WM,,,O,P
2/4/2019,299,CHARACIDAE,CHARACIDAE,MEXICAN TETRA,ASTYANAX,W,,162850,N,O,MEXICANUS,WM,,,O,O
2/4/2019,3,CYPRINIDAE,CYPRINIDAE,ALABAMA SHINER,CYPRINELLA,W,,163772,N,O,CALLISTIA,WM,,,I,O
2/4/2019,30,CYPRINIDAE,CYPRINIDAE,BIGEYE CHUB,HYBOPSIS,W,,163476,N,C,AMBLOPS,CL,,S,I,O
2/4/2019,300,CYPRINIDAE,CYPRINIDAE,MIMIC SHINER,NOTROPIS,W,,163421,N,O,VOLUCELLUS,CL,,S,O,O
2/4/2019,301,CYPRINIDAE,CYPRINIDAE,MIRROR CARP,CYPRINUS,B,,163344,N,O,CARPIO,WM,,,O,O
2/4/2019,302,CYPRINIDAE,CYPRINIDAE,MIRROR SHINER,NOTROPIS,W,,163468,N,O,SPECTRUNCULUS,WM,,I,I,O
2/4/2019,303,ATHERINIDAE,ATHERINIDAE,MISSISSIPPI SILVERSIDE,MENIDIA,W,,165998,N,O,AUDENS,WM,,,I,O
2/4/2019,304,CYPRINIDAE,CYPRINIDAE,MISSISSIPPI SILVERY MINNOW,HYBOGNATHUS,B,,163360,N,O,NUCHALIS,WM,,S,O,O
2/4/2019,305,PERCIDAE,PERCIDAE,MISSOURI SADDLED DARTER,ETHEOSTOMA,B,,168441,N,C,TETRAZONUM,CL,,,I,R
2/4/2019,306,PERCIDAE,PERCIDAE,MOBILE LOGPERCH,PERCINA,B,,650182,N,C,KATHAE,CL,,,I,O
2/4/2019,307,HIODONTIDAE,HIODONTIDAE,MOONEYE,HIODON,W,,161906,Y,C,TERGISUS,CL,9,I,C,P
2/4/2019,308,COTTIDAE,COTTIDAE,MOTTLED SCULPIN,COTTUS,B,,167237,N,G,BAIRDI,CL,1.9,S,I,R
2/4/2019,309,PETROMYZONTIDAE,PETROMYZONTIDAE,MOUNTAIN BROOK LAMPREY,ICHTHYOMYZON,B,,159728,Y,C,GREELEYI,WM,,S,O,O
2/4/2019,31,CATOSTOMIDAE,CATOSTOMIDAE,BIGEYE JUMPROCK,MOXOSTOMA,B,,163934,N,C,ARIOMMUM,WM,,S,I,O
2/4/2019,310,ICTALURIDAE,ICTALURIDAE,MOUNTAIN MADTOM,NOTURUS,B,,164009,N,G,ELEUTHERUS,WM,,S,I,O
2/4/2019,311,CYPRINIDAE,CYPRINIDAE,MOUNTAIN REDBELLY DACE,PHOXINUS,B,,163595,N,C,OREAS,CL,,I,O,O
2/4/2019,312,CYPRINIDAE,CYPRINIDAE,MOUNTAIN SHINER,LYTHRURUS,W,,163855,N,C,LIRUS,WM,,I,I,O
2/4/2019,313,CATOSTOMIDAE,CATOSTOMIDAE,MOUNTAIN SUCKER,CATOSTOMUS,B,,163909,N,C,PLATYRHYNCHUS,CL,4.4,I,H,R
2/4/2019,314,SALMONIDAE,SALMONIDAE,MOUNTAIN WHITEFISH,PROSOPIUM,B,,162009,N,C,WILLIAMSONI,CD,2.5,I,I,R
2/4/2019,315,PERCIDAE,PERCIDAE,MUD DARTER,ETHEOSTOMA,B,,168372,N,G,ASPRIGENE,WM,,S,I,O
2/4/2019,316,CENTRARCHIDAE,CENTRARCHIDAE,MUD SUNFISH,ACANTHARCHUS,W,,168095,N,G,POMOTIS,WM,,,C,P
2/4/2019,317,FUNDULIDAE,FUNDULIDAE,MUMMICHOG,FUNDULUS,W,,165647,N,O,HETEROCLITUS,WM,,,O,P
2/4/2019,318,ESOCIDAE,ESOCIDAE,MUSKELLUNGE,ESOX,W,,162144,N,O,MASQUINONGY,CL,8,I,C,P
2/4/2019,319,PERCIDAE,PERCIDAE,NAKED SAND DARTER,AMMOCRYPTA,B,,553376,N,C,BEANII,CL,,,I,R
2/4/2019,32,CYPRINIDAE,CYPRINIDAE,BIGEYE SHINER,NOTROPIS,W,,163430,N,C,BOOPS,WM,,S,I,O
2/4/2019,320,GASTEROSTEIDAE,GASTEROSTEIDAE,NINESPINE STICKLEBACK,PUNGITIUS,W,,166387,N,G,PUNGITIUS,CL,,,I,P
2/4/2019,321,PETROMYZONTIDAE,PETROMYZONTIDAE,NORTHERN BROOK LAMPREY,ICHTHYOMYZON,B,,159726,Y,C,FOSSOR,CL,,S,O,O
2/4/2019,322,CATOSTOMIDAE,CATOSTOMIDAE,NORTHERN HOG SUCKER,HYPENTELIUM,B,,163949,N,C,NIGRICANS,CL,,S,I,R
2/4/2019,323,ICTALURIDAE,ICTALURIDAE,NORTHERN MADTOM,NOTURUS,B,,164025,N,G,STIGMOSUS,WM,,,I,O
2/4/2019,324,ESOCIDAE,ESOCIDAE,NORTHERN PIKE,ESOX,W,,162139,N,O,LUCIUS,CL,7.8,T,C,P
2/4/2019,325,CYPRINIDAE,CYPRINIDAE,NORTHERN PIKEMINNOW,PTYCHOCHEILUS,W,,163523,Y,C,OREGONENSIS,CL,3.5,I,C,R
2/4/2019,326,CYPRINIDAE,CYPRINIDAE,NORTHERN REDBELLY DACE,PHOXINUS,B,,163592,N,O,EOS,CL,7,I,O,O
2/4/2019,327,FUNDULIDAE,FUNDULIDAE,NORTHERN STUDFISH,FUNDULUS,W,,165660,N,C,CATENATUS,WM,,I,I,P
2/4/2019,328,CATOSTOMIDAE,CATOSTOMIDAE,NOTCHLIP REDHORSE,MOXOSTOMA,B,,201946,N,C,COLLAPSUM,WM,,,I,O
2/4/2019,329,CYPRINIDAE,CYPRINIDAE,NUECES ROUNDNOSE MINNOW,DIONDA,B,,689018,N,C,SERENA,WM,,,H,O
2/4/2019,33,CYPRINIDAE,CYPRINIDAE,BIGHEAD CARP,HYPOPHTHALMICHTHYS,W,,163692,N,O,NOBILIS,WM,,,H,O
2/4/2019,330,CYPRINIDAE,CYPRINIDAE,OCMULGEE SHINER,CYPRINELLA,W,,163770,N,O,CALLISEMA,WM,,,I,O
2/4/2019,331,PETROMYZONTIDAE,PETROMYZONTIDAE,OHIO LAMPREY,ICHTHYOMYZON,B,,159724,Y,C,BDELLIUM,WM,,,C,O
2/4/2019,332,PERCIDAE,PERCIDAE,ORANGEBELLY DARTER,ETHEOSTOMA,B,,168426,N,C,RADIOSUM,CL,,,I,O
2/4/2019,333,PERCIDAE,PERCIDAE,ORANGEFIN DARTER,ETHEOSTOMA,B,,168374,N,G,BELLUM,CL,,,I,R
2/4/2019,334,CYPRINIDAE,CYPRINIDAE,ORANGEFIN SHINER,NOTROPIS,W,,163477,N,C,AMMOPHILUS,WM,,,I,O
2/4/2019,335,CENTRARCHIDAE,CENTRARCHIDAE,ORANGESPOTTED SUNFISH,LEPOMIS,W,,168151,N,G,HUMILIS,WM,9.3,T,I,P
2/4/2019,336,PERCIDAE,PERCIDAE,ORANGETHROAT DARTER,ETHEOSTOMA,B,,168368,N,C,SPECTABILE,CL,6.2,I,I,R
2/4/2019,337,LORICARIIDAE,LORICARIIDAE,ORINOCO SAILFIN CATFISH,PTERYGOPLICHTHYS,B,,164375,N,G,MULTIRADIATUS,WM,,,H,O
2/4/2019,338,ICTALURIDAE,ICTALURIDAE,OUACHITA MADTOM,NOTURUS,B,,164018,N,G,LACHNERI,WM,,,I,O
2/4/2019,339,CENTRARCHIDAE,CENTRARCHIDAE,OZARK BASS,AMBLOPLITES,W,,168100,N,G,CONSTELLATUS,WM,,T,C,P
2/4/2019,34,CATOSTOMIDAE,CATOSTOMIDAE,BIGMOUTH BUFFALO,ICTIOBUS,B,,163956,N,O,CYPRINELLUS,WM,8.9,T,O,O
2/4/2019,340,CYPRINIDAE,CYPRINIDAE,OZARK CHUB,ERIMYSTAX,B,,163822,N,C,HARRYI,CL,,,H,R
2/4/2019,341,ICTALURIDAE,ICTALURIDAE,OZARK MADTOM,NOTURUS,B,,164006,N,G,ALBATER,WM,,,I,O
2/4/2019,342,CYPRINIDAE,CYPRINIDAE,OZARK MINNOW,NOTROPIS,B,,163456,N,C,NUBILUS,WM,,I,H,O
2/4/2019,343,COTTIDAE,COTTIDAE,OZARK SCULPIN,COTTUS,B,,167263,N,G,HYPSELURUS,CL,,I,I,R
2/4/2019,344,DICAMPTODONTIDAE,DICAMPTODONTIDAE,PACIFIC GIANT SALAMANDER,DICAMPTODON,B,A,,N,C,TENEBROSUS,CD,1.3,,C,R
2/4/2019,345,PETROMYZONTIDAE,PETROMYZONTIDAE,PACIFIC LAMPREY,ENTOSPHENUS,B,,159713,Y,C,TRIDENTATA,CL,2.4,S,O,O
2/4/2019,346,POLYODONTIDAE,POLYODONTIDAE,PADDLEFISH,POLYODON,W,,161088,Y,C,SPATHULA,WM,,S,I,R
2/4/2019,347,COTTIDAE,COTTIDAE,PAIUTE SCULPIN,COTTUS,B,,167238,N,G,BELDINGII,CL,2,S,I,R
2/4/2019,348,CYPRINIDAE,CYPRINIDAE,PALLID SHINER,HYBOPSIS,W,,201917,N,C,AMNIS,WM,,,I,O
2/4/2019,349,ACIPENSERIDAE,ACIPENSERIDAE,PALLID STURGEON,SCAPHIRHYNCHUS,B,,161081,Y,C,ALBUS,WM,,I,I,R
2/4/2019,35,CYPRINIDAE,CYPRINIDAE,BIGMOUTH CHUB,NOCOMIS,B,,163397,N,C,PLATYRHYNCHUS,WM,,I,I,O
2/4/2019,350,CATOSTOMIDAE,CATOSTOMIDAE,PEALIP REDHORSE,MOXOSTOMA,B,,201948,N,O,PISOLABRUM,WM,,,O,O
2/4/2019,351,CYPRINIDAE,CYPRINIDAE,PEAMOUTH,MYLOCHEILUS,B,,163521,N,C,CAURINUS,CL,3,I,I,O
2/4/2019,352,CYPRINIDAE,CYPRINIDAE,PEARL DACE,MARGARISCUS,W,,163873,N,C,MARGARITA,CL,6.7,S,O,O
2/4/2019,353,PERCIDAE,PERCIDAE,PIEDMONT DARTER,PERCINA,B,,168481,N,C,CRASSA,CL,,,I,R
2/4/2019,354,APHREDODERIDAE,APHREDODERIDAE,PIRATE PERCH,APHREDODERUS,W,,164405,N,G,SAYANUS,WM,,I,I,P
2/4/2019,355,FUNDULIDAE,FUNDULIDAE,PLAINS KILLIFISH,FUNDULUS,W,,165658,N,O,ZEBRINUS,WM,5.7,I,I,P
2/4/2019,356,CYPRINIDAE,CYPRINIDAE,PLAINS MINNOW,HYBOGNATHUS,B,,163361,N,D,PLACITUS,WM,9,S,O,O
2/4/2019,357,FUNDULIDAE,FUNDULIDAE,PLAINS TOPMINNOW,FUNDULUS,W,,165666,N,O,SCIADICUS,WM,6.1,I,I,P
2/4/2019,358,CYPRINIDAE,CYPRINIDAE,PLAINS MINNOW OR WESTERN SILVERY MINNOW,HYBOGNATHUS,B,,,N,O,PLACITUS OR ARGYRITIS,WM,,,O,O
2/4/2019,359,CYPRINIDAE,CYPRINIDAE,PLATEAU SHINER,CYPRINELLA,W,,163790,N,O,LEPIDA,WM,,,I,O
2/4/2019,36,CYPRINIDAE,CYPRINIDAE,BIGMOUTH SHINER,NOTROPIS,B,,163439,N,G,DORSALIS,CL,7.5,T,O,O
2/4/2019,360,CYPRINIDAE,CYPRINIDAE,POPEYE SHINER,NOTROPIS,W,,163425,N,C,ARIOMMUS,WM,,,I,O
2/4/2019,361,COTTIDAE,COTTIDAE,POTOMAC SCULPIN,COTTUS,B,,167243,N,G,GIRARDI,CL,,I,I,R
2/4/2019,362,CYPRINIDAE,CYPRINIDAE,PRAIRIE CHUB,MACRHYBOPSIS,B,,553279,N,D,AUSTRALIS,WM,,,O,R
2/4/2019,363,CYPRINIDAE,CYPRINIDAE,PRETTY SHINER,LYTHRURUS,W,,163851,N,G,BELLUS,WM,,,I,O
2/4/2019,364,COTTIDAE,COTTIDAE,PRICKLY SCULPIN,COTTUS,B,,167233,N,G,ASPER,CL,2.6,I,I,R
2/4/2019,365,CYPRINIDAE,CYPRINIDAE,PROSERPINE SHINER,CYPRINELLA,W,,163799,N,O,PROSERPINA,WM,,,I,O
2/4/2019,366,CYPRINIDAE,CYPRINIDAE,PUGNOSE MINNOW,OPSOPOEODUS,W,,163876,N,G,EMILIAE,CL,,S,O,O
2/4/2019,367,CENTRARCHIDAE,CENTRARCHIDAE,PUMPKINSEED,LEPOMIS,W,,168144,N,G,GIBBOSUS,WM,7.9,I,I,P
2/4/2019,368,CENTRARCHIDAE,CENTRARCHIDAE,PUMPKINSEED X REDBREAST SUNFISH,LEPOMIS,W,,,N,G,GIBBOSUS X PUNCTATUS,WM,,,C,P
2/4/2019,369,CATOSTOMIDAE,CATOSTOMIDAE,QUILLBACK,CARPIODES,B,,163917,Y,C,CYPRINUS,WM,7.9,T,O,O
2/4/2019,37,Eleotridae,ELEOTRIDAE,BIGMOUTH SLEEPER,GOBIOMORUS,B,,171921,Y,O,DORMITOR,WM,,,C,O
2/4/2019,370,PERCIDAE,PERCIDAE,RAINBOW DARTER,ETHEOSTOMA,B,,168378,N,C,CAERULEUM,CL,,S,I,R
2/4/2019,371,CYPRINIDAE,CYPRINIDAE,RAINBOW SHINER,NOTROPIS,W,,163437,N,C,CHROSOMUS,WM,,,O,O
2/4/2019,372,OSMERIDAE,OSMERIDAE,RAINBOW SMELT,OSMERUS,W,,162041,Y,C,MORDAX,CD,,,C,O
2/4/2019,373,SALMONIDAE,SALMONIDAE,RAINBOW TROUT,ONCORHYNCHUS,W,,161989,Y,C,MYKISS,CD,2.1,S,C,R
2/4/2019,374,SALMONIDAE,SALMONIDAE,RAINBOW TROUT (STEELHEAD),ONCORHYNCHUS,W,,161989,Y,C,MYKISS,CD,,,C,R
2/4/2019,375,CATOSTOMIDAE,CATOSTOMIDAE,RAZORBACK SUCKER,XYRAUCHEN,B,,163968,Y,C,TEXANUS,CL,3,,O,R
2/4/2019,376,RANIDAE,RANIDAE,RED-LEGGED FROG,RANA,E,A,,N,O,AURORA,CD,2.1,,I,O
2/4/2019,377,SCIAENIDAE,SCIAENIDAE,RED DRUM,SCIAENOPS,B,,169290,Y,O,OCELLATUS,WM,,,C,O
2/4/2019,378,CYPRINODONTIDAE,CYPRINODONTIDAE,RED RIVER PUPFISH,CYPRINODON,B,,165641,N,G,RUBROFLUVIATILIS,WM,,,O,O
2/4/2019,379,CYPRINIDAE,CYPRINIDAE,RED RIVER SHINER,NOTROPIS,W,,163428,N,O,BAIRDI,WM,,I,I,O
2/4/2019,38,PERCIDAE,PERCIDAE,BIGSCALE LOGPERCH,PERCINA,B,,168487,N,O,MACROLEPIDA,CL,,,I,R
2/4/2019,380,CYPRINIDAE,CYPRINIDAE,RED SHINER,CYPRINELLA,W,,163792,N,G,LUTRENSIS,WM,7.6,T,O,O
2/4/2019,381,PERCIDAE,PERCIDAE,REDBAND DARTER,ETHEOSTOMA,B,,168407,N,C,LUTEOVINCTUM,CL,,,I,R
2/4/2019,382,SALMONIDAE,SALMONIDAE,REDBAND RAINBOW TROUT,ONCORHYNCHUS,W,,553418,Y,C,MYKISS GAIRDNERI,CD,,,C,R
2/4/2019,383,CENTRARCHIDAE,CENTRARCHIDAE,REDBREAST SUNFISH,LEPOMIS,W,,168131,N,G,AURITUS,CL,8,T,I,P
2/4/2019,384,CENTRARCHIDAE,CENTRARCHIDAE,REDEAR SUNFISH,LEPOMIS,W,,168154,N,G,MICROLOPHUS,WM,8,I,I,P
2/4/2019,385,CENTRARCHIDAE,CENTRARCHIDAE,REDEYE BASS,MICROPTERUS,W,,168163,N,G,COOSAE,WM,,,C,P
2/4/2019,386,PERCIDAE,PERCIDAE,REDFIN DARTER,ETHEOSTOMA,B,,168448,N,O,WHIPPLEI,CL,,I,I,R
2/4/2019,387,ESOCIDAE,ESOCIDAE,REDFIN PICKEREL,ESOX,W,,162140,N,O,AMERICANUS AMERICANUS,CL,,I,C,P
2/4/2019,388,CYPRINIDAE,CYPRINIDAE,REDFIN SHINER,LYTHRURUS,W,,163861,N,G,UMBRATILIS,WM,,I,I,O
2/4/2019,389,PERCIDAE,PERCIDAE,REDLINE DARTER,ETHEOSTOMA,B,,168428,N,C,RUFILINEATUM,CL,,S,I,R
2/4/2019,39,CATOSTOMIDAE,CATOSTOMIDAE,BLACK BUFFALO,ICTIOBUS,B,,163957,N,O,NIGER,WM,9,T,O,O
2/4/2019,390,CYPRINIDAE,CYPRINIDAE,REDLIP SHINER,NOTROPIS,W,,163435,N,C,CHILITICUS,WM,,,I,O
2/4/2019,391,CYPRINIDAE,CYPRINIDAE,REDSIDE DACE,CLINOSTOMUS,W,,163373,N,C,ELONGATUS,CL,,I,I,O
2/4/2019,392,CYPRINIDAE,CYPRINIDAE,REDSIDE SHINER,RICHARDSONIUS,W,,163528,N,C,BALTEATUS,CL,4.6,I,I,O
2/4/2019,393,PERCIDAE,PERCIDAE,REDSPOT DARTER,ETHEOSTOMA,B,,650196,N,C,ARTESIAE,CL,,,I,R
2/4/2019,394,CENTRARCHIDAE,CENTRARCHIDAE,REDSPOTTED SUNFISH,LEPOMIS,W,,168157,N,G,MINIATUS,WM,,,I,P
2/4/2019,395,CENTRARCHIDAE,CENTRARCHIDAE,REDSPOTTED SUNFISH X SPOTTED SUNFISH,LEPOMIS,W,,,N,G,MINIATUS X PUNCTATUS,WM,,,I,P
2/4/2019,396,CYPRINIDAE,CYPRINIDAE,REDTAIL CHUB,NOCOMIS,W,,163396,N,C,EFFUSUS,WM,,,O,O
2/4/2019,397,COTTIDAE,COTTIDAE,RETICULATE SCULPIN,COTTUS,B,,167248,N,G,PERPLEXUS,CL,3.5,S,I,R
2/4/2019,398,CYPRINIDAE,CYPRINIDAE,RIBBON SHINER,LYTHRURUS,W,,163853,N,O,FUMEUS,WM,,S,I,O
2/4/2019,399,COTTIDAE,COTTIDAE,RIFFLE SCULPIN,COTTUS,B,,167234,N,G,GULOSUS,CL,3.1,S,I,R
2/4/2019,4,CLUPEIDAE,CLUPEIDAE,ALEWIFE,ALOSA,W,,161706,N,O,PSEUDOHARENGUS,CL,,I,I,O
2/4/2019,40,ICTALURIDAE,ICTALURIDAE,BLACK BULLHEAD,AMEIURUS,B,,164039,N,G,MELAS,WM,9.7,T,O,O
2/4/2019,400,CYPRINIDAE,CYPRINIDAE,RIO GRANDE CHUB,GILA,W,,163556,N,C,PANDORA,WM,,,I,O
2/4/2019,401,CICHLIDAE,CICHLIDAE,RIO GRANDE CICHLID,CICHLASOMA,W,,169776,N,G,CYANOGUTTATUM,WM,,,C,P
2/4/2019,402,PERCIDAE,PERCIDAE,RIO GRANDE DARTER,ETHEOSTOMA,B,,168397,N,O,GRAHAMI,CL,,,I,R
2/4/2019,403,CATOSTOMIDAE,CATOSTOMIDAE,RIO GRANDE SUCKER,CATOSTOMUS,B,,163910,N,C,PLEBEIUS,WM,,,H,R
2/4/2019,404,CATOSTOMIDAE,CATOSTOMIDAE,RIVER CARPSUCKER,CARPIODES,B,,163919,Y,O,CARPIO,WM,8.7,T,O,O
2/4/2019,405,CYPRINIDAE,CYPRINIDAE,RIVER CHUB,NOCOMIS,B,,163392,N,C,MICROPOGON,CL,,I,O,O
2/4/2019,406,PERCIDAE,PERCIDAE,RIVER DARTER,PERCINA,B,,168497,N,C,SHUMARDI,WM,,I,I,R
2/4/2019,407,GOBIIDAE,GOBIIDAE,RIVER GOBY,AWAOUS,B,,553409,Y,G,BANANA,WM,,,C,O
2/4/2019,408,CATOSTOMIDAE,CATOSTOMIDAE,RIVER REDHORSE,MOXOSTOMA,B,,163936,Y,C,CARINATUM,WM,8,I,I,O
2/4/2019,409,CYPRINIDAE,CYPRINIDAE,RIVER SHINER,NOTROPIS,W,,163429,N,G,BLENNIUS,CL,8,I,I,O
2/4/2019,41,CYPRINIDAE,CYPRINIDAE,BLACK CARP,MYLOPHARYNGODON,B,,639618,N,O,PICEUS,WM,,,I,O
2/4/2019,410,PERCIDAE,PERCIDAE,RIVERWEED DARTER,ETHEOSTOMA,B,,168423,N,G,PODOSTEMONE,CL,,,I,R
2/4/2019,411,CENTRARCHIDAE,CENTRARCHIDAE,ROANOKE BASS,AMBLOPLITES,W,,168098,N,G,CAVIFRONS,WM,,,C,P
2/4/2019,412,PERCIDAE,PERCIDAE,ROANOKE DARTER,PERCINA,B,,168496,N,C,ROANOKA,WM,,I,I,R
2/4/2019,413,CATOSTOMIDAE,CATOSTOMIDAE,ROANOKE HOG SUCKER,HYPENTELIUM,B,,163951,N,C,ROANOKENSE,CL,,S,I,R
2/4/2019,414,PERCIDAE,PERCIDAE,ROANOKE LOGPERCH,PERCINA,B,,168495,N,C,REX,WM,,S,I,R
2/4/2019,415,CATOSTOMIDAE,CATOSTOMIDAE,ROBUST REDHORSE,MOXOSTOMA,B,,163945,Y,C,ROBUSTUM,WM,,,I,O
2/4/2019,416,CENTRARCHIDAE,CENTRARCHIDAE,ROCK BASS,AMBLOPLITES,W,,168097,N,G,RUPESTRIS,WM,8,T,C,P
2/4/2019,417,PERCIDAE,PERCIDAE,ROCK DARTER,ETHEOSTOMA,B,,168429,N,O,RUPESTRE,CL,,,I,R
2/4/2019,418,CYPRINIDAE,CYPRINIDAE,ROSEFIN SHINER,LYTHRURUS,W,,163847,N,C,ARDENS,WM,,I,O,O
2/4/2019,419,CYPRINIDAE,CYPRINIDAE,ROSYFACE CHUB,HYBOPSIS,W,,163489,N,C,RUBRIFRONS,WM,,,I,O
2/4/2019,42,CENTRARCHIDAE,CENTRARCHIDAE,BLACK CRAPPIE,POMOXIS,W,,168167,N,G,NIGROMACULATUS,WM,8.3,T,C,P
2/4/2019,420,CYPRINIDAE,CYPRINIDAE,ROSYFACE SHINER,NOTROPIS,W,,163409,N,C,RUBELLUS,CL,,S,O,O
2/4/2019,421,CYPRINIDAE,CYPRINIDAE,ROSYSIDE DACE,CLINOSTOMUS,W,,163371,N,C,FUNDULOIDES,WM,,I,I,O
2/4/2019,422,SALAMANDRIDAE,SALAMANDRIDAE,ROUGH-SKINNED NEWT,TARICHA,E,A,,N,O,GRANULOSA,CL,0.3,,I,P
2/4/2019,423,CYPRINIDAE,CYPRINIDAE,ROUGH SHINER,NOTROPIS,W,,163427,N,C,BAILEYI,WM,,,O,O
2/4/2019,424,CYPRINIDAE,CYPRINIDAE,ROUGHHEAD SHINER,NOTROPIS,W,,163466,N,C,SEMPERASPER,WM,,,I,O
2/4/2019,425,GOBIIDAE,GOBIIDAE,ROUND GOBY,NEOGOBIUS,B,,172072,N,G,MELANOSTOMUS,CL,,,C,O
2/4/2019,426,CYPRINIDAE,CYPRINIDAE,ROUNDNOSE MINNOW,DIONDA,B,,163513,N,C,EPISCOPA,WM,,,H,O
2/4/2019,427,CYPRINIDAE,CYPRINIDAE,ROUNDTAIL CHUB,GILA,W,,163558,N,C,ROBUSTA,WM,4.8,T,O,O
2/4/2019,428,CYPRINIDAE,CYPRINIDAE,SABINE SHINER,NOTROPIS,W,,163463,N,C,SABINAE,WM,,I,I,O
2/4/2019,429,CENTRARCHIDAE,CENTRARCHIDAE,SACRAMENTO PERCH,ARCHOPLITES,W,,168175,N,G,INTERRUPTUS,WM,,,C,P
2/4/2019,43,ICTALURIDAE,ICTALURIDAE,BLACK MADTOM,NOTURUS,B,,164014,N,G,FUNEBRIS,WM,,,I,O
2/4/2019,430,CYPRINIDAE,CYPRINIDAE,SACRAMENTO PIKEMINNOW,PTYCHOCHEILUS,W,,163524,Y,C,GRANDIS,CL,3,I,C,R
2/4/2019,431,CATOSTOMIDAE,CATOSTOMIDAE,SACRAMENTO SUCKER,CATOSTOMUS,B,,163908,Y,C,OCCIDENTALIS,CL,2.4,S,O,R
2/4/2019,432,PERCIDAE,PERCIDAE,SADDLEBACK DARTER,PERCINA,B,,168503,N,C,VIGIL,WM,,,I,R
2/4/2019,433,ICTALURIDAE,ICTALURIDAE,SADDLED MADTOM,NOTURUS,B,,,N,G,FASCIATUS,WM,,,I,O
2/4/2019,434,PERCIDAE,PERCIDAE,SAFFRON DARTER,ETHEOSTOMA,B,,168455,N,G,FLAVUM,CL,,,I,P
2/4/2019,435,CYPRINIDAE,CYPRINIDAE,SAFFRON SHINER,NOTROPIS,W,,163462,N,C,RUBRICROCEUS,WM,,,O,O
2/4/2019,436,POECILIIDAE,POECILIIDAE,SAILFIN MOLLY,POECILIA,W,,165898,N,G,LATIPINNA,WM,,,I,P
2/4/2019,437,CYPRINIDAE,CYPRINIDAE,SAILFIN SHINER,PTERONOTROPIS,W,,201941,N,O,HYPSELOPTERUS,WM,,,O,O
2/4/2019,438,CYPRINIDAE,CYPRINIDAE,SAND SHINER,NOTROPIS,W,,163419,N,O,STRAMINEUS,WM,8.5,I,O,O
2/4/2019,439,CYPRINIDAE,CYPRINIDAE,SANDBAR SHINER,NOTROPIS,W,,163465,N,O,SCEPTICUS,WM,,,I,O
2/4/2019,44,CATOSTOMIDAE,CATOSTOMIDAE,BLACK REDHORSE,MOXOSTOMA,B,,163938,N,C,DUQUESNEI,WM,,S,I,O
2/4/2019,440,CYPRINIDAE,CYPRINIDAE,SANTEE CHUB,CYPRINELLA,W,,163817,N,O,ZANEMA,WM,,,I,O
2/4/2019,441,CYPRINIDAE,CYPRINIDAE,SATINFIN SHINER,CYPRINELLA,W,,163766,N,O,ANALOSTANA,WM,8,I,O,O
2/4/2019,442,PERCIDAE,PERCIDAE,SAUGER,SANDER,W,,650171,N,C,CANADENSIS,CL,9.3,T,C,O
2/4/2019,443,PERCIDAE,PERCIDAE,SAUGEYE,SANDER,W,,,N,C,CANADENSIS X VITREUS,CL,,,C,O
2/4/2019,4434,PETROMYZONTIDAE,PETROMYZONTIDAE,UNKNOWN ICHTHYOMYZON,ICHTHYOMYZON,,,159723,,,,,,,,
2/4/2019,4435,PETROMYZONTIDAE,PETROMYZONTIDAE,UNKNOWN LAMPETRA,LAMPETRA,B,,159700,,C,,,,,O,O
2/4/2019,4436,PERCIDAE,PERCIDAE,UNKNOWN PERCINA,PERCINA,,,168471,,,,,,,,
2/4/2019,4438,CYPRINIDAE,CYPRINIDAE,UNKNOWN RICHARDSONIUS,RICHARDSONIUS,,,163527,,,,,,,,
2/4/2019,444,PERCIDAE,PERCIDAE,SAWCHEEK DARTER,ETHEOSTOMA,B,,168362,N,O,SERRIFER,WM,,,I,P
2/4/2019,445,CYPRINIDAE,CYPRINIDAE,SAWFIN SHINER,NOTROPIS,W,,,N,C,CF. SPECTRUNCULUS,WM,,,I,O
2/4/2019,4455,LORICARIIDAE,LORICARIIDAE,UNKNOWN LORICARIIDAE,,B,,164340,N,G,,WM,,,H,O
2/4/2019,4456,CYPRINIDAE,CYPRINIDAE,OUACHITA SHINER,LYTHRURUS,W,,,N,O,SNELSONI,WM,,S,,O
2/4/2019,4457,CENTRARCHIDAE,CENTRARCHIDAE,BLUEGILL X PUMPKINSEED,LEPOMIS,W,,,N,G,MACROCHIRUS X GIBBOSUS,WM,,I,,P
2/4/2019,4458,CYPRINIDAE,CYPRINIDAE,REDSPOT CHUB,NOCOMIS,W,,,N,G,ASPER,WM,,S,,O
2/4/2019,4459,PERCIDAE,PERCIDAE,SAVANNAH DARTER,ETHEOSTOMA,B,,,N,C,FRICKSIUM,CL,,S,,R
2/4/2019,446,PERCIDAE,PERCIDAE,SCALY SAND DARTER,AMMOCRYPTA,B,,168518,N,C,VIVAX,CL,,S,I,R
2/4/2019,4468,PERCIDAE,PERCIDAE,APPALACHIA DARTER,PERCINA,B,,168484,N,C,GYMNOCEPHALA,CL,,,I,R
2/4/2019,4469,PERCIDAE,PERCIDAE,BANDFIN DARTER,ETHEOSTOMA,B,,168467,N,C,ZONISTIUM,CL,,,I,R
2/4/2019,447,CYPRINIDAE,CYPRINIDAE,SCARLET SHINER,LYTHRURUS,W,,201928,N,C,FASCIOLARIS,WM,,,I,O
2/4/2019,4470,PERCIDAE,PERCIDAE,BARCHEEK DARTER,ETHEOSTOMA,B,,168416,N,C,OBEYENSE,WM,,,I,O
2/4/2019,4471,COTTIDAE,COTTIDAE,BLACK SCULPIN,COTTUS,B,,167236,N,G,BAILEYI,CD,,,I,R
2/4/2019,4472,PERCIDAE,PERCIDAE,BLOTCHSIDE LOGPERCH,PERCINA,B,,168479,N,C,BURTONI,WM,,,I,R
2/4/2019,4473,PERCIDAE,PERCIDAE,CANDY DARTER,ETHEOSTOMA,B,,168419,N,C,OSBURNI,CL,,,I,R
2/4/2019,4474,ICTALURIDAE,ICTALURIDAE,CHECKERED MADTOM,NOTURUS,B,,164011,N,G,FLAVATER,WM,,,I,O
2/4/2019,4475,PERCIDAE,PERCIDAE,RELICT DARTER,ETHEOSTOMA,B,,201991,N,C,CHIENENSE,CL,,,I,R
2/4/2019,4476,CYPRINIDAE,CYPRINIDAE,CHIHUAHUA SHINER,NOTROPIS,W,,163434,N,O,CHIHUAHUA,WM,,,I,P
2/4/2019,4477,CYPRINODONTIDAE,CYPRINODONTIDAE,CONCHOS PUPFISH,CYPRINODON,B,,165635,N,O,EXIMIUS,WM,,,H,P
2/4/2019,4478,ELASSOMATIDAE,ELASSOMATIDAE,EVERGLADES PYGMY SUNFISH,ELASSOMA,W,,168169,N,G,EVERGLADEI,WM,,,I,P
2/4/2019,4479,PERCIDAE,PERCIDAE,FIREBELLY DARTER,ETHEOSTOMA,B,,168459,N,C,PYRRHOGASTER,CL,,,I,R
2/4/2019,448,PETROMYZONTIDAE,PETROMYZONTIDAE,SEA LAMPREY,PETROMYZON,B,,159722,Y,C,MARINUS,CL,,,O,O
2/4/2019,4480,PERCIDAE,PERCIDAE,GUARDIAN DARTER,ETHEOSTOMA,B,,553379,N,C,OOPHYLAX,CL,,,I,O
2/4/2019,4481,CYPRINIDAE,CYPRINIDAE,HITCH,LAVINIA,W,,163569,N,C,EXILICAUDA,WM,,,O,P
2/4/2019,4482,CYPRINIDAE,CYPRINIDAE,KANAWHA MINNOW,PHENACOBIUS,B,,163505,N,C,TERETULUS,CL,,,I,R
2/4/2019,4483,PERCIDAE,PERCIDAE,HIGHLAND RIM DARTER,ETHEOSTOMA,B,,650193,N,C,KANTUCKEENSE,CL,,,I,R
2/4/2019,4484,PERCIDAE,PERCIDAE,LEAST DARTER,ETHEOSTOMA,B,,168411,N,O,MICROPERCA,WM,,,I,O
2/4/2019,4485,ICTALURIDAE,ICTALURIDAE,LEAST MADTOM,NOTURUS,B,,164017,N,G,HILDEBRANDI,WM,,,I,O
2/4/2019,4486,CYPRINIDAE,CYPRINIDAE,LOACH MINNOW,RHINICHTHYS,B,,163389,N,C,COBITIS,WM,,,I,O
2/4/2019,4487,CYPRINIDAE,CYPRINIDAE,MEXICAN STONEROLLER,CAMPOSTOMA,B,,163510,N,C,ORNATUM,WM,,,H,R
2/4/2019,4488,CYPRINIDAE,CYPRINIDAE,NEW RIVER SHINER,NOTROPIS,W,,163464,N,O,SCABRICEPS,CL,,,I,O
2/4/2019,4489,CYPRINIDAE,CYPRINIDAE,OZARK SHINER,NOTROPIS,W,,163458,N,O,OZARCANUS,WM,,,I,R
2/4/2019,449,FUNDULIDAE,FUNDULIDAE,SEMINOLE KILLIFISH,FUNDULUS,W,,165667,N,O,SEMINOLIS,WM,,,I,P
2/4/2019,4490,CYPRINIDAE,CYPRINIDAE,PUGNOSE SHINER,NOTROPIS,W,,163424,N,O,ANOGENUS,WM,,,O,P
2/4/2019,4491,CYPRINIDAE,CYPRINIDAE,REDEYE CHUB,NOTROPIS,W,,163444,N,O,HARPERI,WM,,,O,O
2/4/2019,4493,CYPRINIDAE,CYPRINIDAE,SACRAMENTO BLACKFISH,ORTHODON,W,,163589,N,O,MICROLEPIDOTUS,WM,,,O,P
2/4/2019,4494,PERCOPSIDAE,PERCOPSIDAE,SAND ROLLER,PERCOPSIS,B,,164410,N,C,TRANSMONTANA,CL,,,I,O
2/4/2019,4495,PERCIDAE,PERCIDAE,SLABROCK DARTER,ETHEOSTOMA,B,,168435,N,C,SMITHI,CL,,,I,R
2/4/2019,4496,AMBLYOPSIDAE,AMBLYOPSIDAE,SPRING CAVEFISH,FORBESICHTHYS,B,,201968,N,G,AGASSIZI,CL,,,I,O
2/4/2019,4497,CYPRINIDAE,CYPRINIDAE,TAMAULIPAS SHINER,NOTROPIS,W,,163431,N,O,BRAYTONI,WM,,,I,O
2/4/2019,4498,PERCIDAE,PERCIDAE,SHAWNEE DARTER,ETHEOSTOMA,B,,650188,N,C,TECUMSEHI,CL,,,I,R
2/4/2019,4499,CYPRINIDAE,CYPRINIDAE,TONGUETIED MINNOW,EXOGLOSSUM,W,,163357,N,O,LAURAE,CL,,,I,O
2/4/2019,45,PERCIDAE,PERCIDAE,BLACKBANDED DARTER,PERCINA,B,,168490,N,C,NIGROFASCIATA,CL,,,I,O
2/4/2019,450,CENTRARCHIDAE,CENTRARCHIDAE,SHADOW BASS,AMBLOPLITES,W,,168099,N,G,ARIOMMUS,WM,,T,C,P
2/4/2019,4500,CYPRINIDAE,CYPRINIDAE,TOPEKA SHINER,NOTROPIS,W,,163471,N,O,TOPEKA,WM,,,I,O
2/4/2019,4501,CYPRINIDAE,CYPRINIDAE,UMPQUA DACE,RHINICHTHYS,B,,163385,N,C,EVERMANNI,CL,,,I,R
2/4/2019,4502,CYPRINIDAE,CYPRINIDAE,UMPQUA PIKEMINNOW,PTYCHOCHEILUS,W,,163526,Y,O,UMPQUAE,CL,,,C,O
2/4/2019,4503,PIPIDAE,PIPIDAE,AFRICAN CLAWED FROG,XENOPUS,B,A,,Y,O,LAEVIS,WM,10,,C,
2/4/2019,4504,CYPRINIDAE,CYPRINIDAE,ALVORD CHUB,GILA,W,,,Y,O,ALVORDENSIS,WM,4,,I,
2/4/2019,4505,SALMONIDAE,SALMONIDAE,APACHE X RAINBOW TROUT,ONCORHYNCHUS,W,,,Y,C,APACHE X MYKISS,CD,2.1,,C,R
2/4/2019,4506,BUFONIDAE,BUFONIDAE,ARIZONA TOAD,BUFO,E,A,,Y,O,MICROSCAPHUS,CL,5,,I,
2/4/2019,4507,CYPRINIDAE,CYPRINIDAE,ARROYO CHUB,GILA,W,,,Y,O,ORCUTTII,WM,4,,O,O
2/4/2019,4508,HYLIDAE,HYLIDAE,BOREAL CHORUS FROG,PSEUDACRIS,E,A,,Y,O,MACULATA,CL,6,,I,
2/4/2019,4509,DICAMPTODONTIDAE,DICAMPTODONTIDAE,CALIFORNIA GIANT SALAMANDER,DICAMPTODON,B,A,,Y,C,ENSATUS,CD,1,,C,R
2/4/2019,451,CATOSTOMIDAE,CATOSTOMIDAE,SHARPFIN CHUBSUCKER,ERIMYZON,W,,163926,N,O,TENUIS,WM,,,O,O
2/4/2019,4510,SALAMANDRIDAE,SALAMANDRIDAE,CALIFORNIA NEWT,TARICHA,E,A,,Y,O,TOROSA,CL,0,,I,
2/4/2019,4511,HYLIDAE,HYLIDAE,CALIFORNIA TREEFROG,PSEUDACRIS,E,A,,Y,O,CADAVERINA,CL,6,,I,
2/4/2019,4512,BUFONIDAE,BUFONIDAE,CANADIAN TOAD,BUFO,E,A,,Y,O,HEMIOPHRYS,CL,5,,I,
2/4/2019,4513,HYLIDAE,HYLIDAE,CANYON TREEFROG,HYLA,E,A,,Y,O,ARENICOLOR,CL,6,,I,
2/4/2019,4514,RANIDAE,RANIDAE,CASCADE FROG,RANA,E,A,,Y,O,CASCADAE,CD,0,,I,
2/4/2019,4515,SALMONIDAE,SALMONIDAE,CHUM SALMON,ONCORHYNCHUS,W,,,Y,C,KETA,CD,2,,I,R
2/4/2019,4516,RANIDAE,RANIDAE,COLUMBIA SPOTTED FROG,RANA,E,A,,Y,O,LUTEIVENTRIS,CD,1,,I,
2/4/2019,4517,RHYACOTRITONIDAE,RHYACOTRITONIDAE,COLUMBIA TORRENT SALAMANDER,RHYACOTRITON,E,A,,Y,C,KEZERI,CD,1,,C,
2/4/2019,4519,RANIDAE,RANIDAE,FOOTHILL YELLOW-LEGGED FROG,RANA,E,A,,Y,O,BOYLII,CD,0.9,,I,
2/4/2019,452,PERCIDAE,PERCIDAE,SHARPNOSE DARTER,PERCINA,B,,201997,N,C,OXYRHYNCHUS,CL,,,I,R
2/4/2019,4520,CYPRINIDAE,CYPRINIDAE,GILA CHUB,GILA,W,,,Y,O,INTERMEDIA,WM,4,,O,O
2/4/2019,4521,SALMONIDAE,SALMONIDAE,GILA TROUT,ONCORHYNCHUS,W,,,Y,C,GILAE,CD,2,,C,R
2/4/2019,4522,SALMONIDAE,SALMONIDAE,GOLDEN TROUT,ONCORHYNCHUS,W,,,Y,C,AGUABONITA,CD,0,,C,R
2/4/2019,4523,RANIDAE,RANIDAE,GREEN FROG,RANA,E,A,,Y,O,CLAMITANS,WM,5,,I,
2/4/2019,4524,ACIPENSERIDAE,ACIPENSERIDAE,GREEN STURGEON,ACIPENSER,B,,,Y,O,MEDIROSTRIS,CL,2,,C,O
2/4/2019,4525,CATOSTOMIDAE,CATOSTOMIDAE,HYBRID SUCKER,CATOSTOMUS,B,,,Y,C,HYBRID,,3,,,O
2/4/2019,4526,SALMONIDAE,SALMONIDAE,HYBRID TROUT,ONCORHYNCHUS,W,,,Y,C,HYBRID,CD,2.1,,C,R
2/4/2019,4527,DICAMPTODONTIDAE,DICAMPTODONTIDAE,IDAHO GIANT SALAMANDER,DICAMPTODON,B,A,,Y,C,ATERRIMUS,CD,1,,C,R
2/4/2019,4528,PETROMYZONTIDAE,PETROMYZONTIDAE,KLAMATH LAMPREY,ENTOSPHENUS,W,,,Y,O,SIMILIS,WM,2,,I,
2/4/2019,4529,SALMONIDAE,SALMONIDAE,LAKE TROUT,SALVELINUS,W,,,Y,O,NAMAYCUSH,CD,2,,C,O
2/4/2019,453,CYPRINODONTIDAE,CYPRINODONTIDAE,SHEEPSHEAD MINNOW,CYPRINODON,B,,165631,N,O,VARIEGATUS,WM,,,O,O
2/4/2019,4530,RANIDAE,RANIDAE,LEOPARD FROG,LITHOBATES,E,A,,Y,O,PIPIENS,WM,7.5,,I,
2/4/2019,4531,AMBYSTOMATIDAE,AMBYSTOMATIDAE,LONGTOED SALAMANDER,AMBYSTOMA,B,A,,Y,O,MACRODACTYLUM,CL,1,,I,
2/4/2019,4532,RANIDAE,RANIDAE,LOWLAND LEOPARD FROG,RANA,E,A,,Y,O,YAVAPAIENSIS,WM,5,,I,
2/4/2019,4533,RANIDAE,RANIDAE,MOUNTAIN YELLOW-LEGGED FROG,RANA,E,A,,Y,O,MUSCOSA,CD,1,,I,
2/4/2019,4534,FUNDULIDAE,FUNDULIDAE,NORTHERN PLAINS KILLIFISH,FUNDULUS,W,,,Y,O,KANSAE,WM,6,,,
2/4/2019,4535,HYLIDAE,HYLIDAE,PACIFIC TREE FROG,PSEUDACRIS,E,A,,Y,O,REGILLA,CL,6,,I,
2/4/2019,4536,COTTIDAE,COTTIDAE,PIT SCULPIN,COTTUS,B,,,Y,G,PITENSIS,CL,3,,I,R
2/4/2019,4537,RANIDAE,RANIDAE,PLAINS LEOPARD FROG,LITHOBATES,E,A,,Y,O,BLAIRI,WM,5,,I,
2/4/2019,4538,SALMONIDAE,SALMONIDAE,GOLDEN TROUT X RAINBOW TROUT,ONCORHYNCHUS,W,,,Y,C,AGUABONITA X MYKISS,CD,2.1,,C,R
2/4/2019,4539,BUFONIDAE,BUFONIDAE,RED-SPOTTED TOAD,BUFO,E,A,,Y,O,PUNCTATUS,CL,5,,I,
2/4/2019,454,PERCIDAE,PERCIDAE,SHIELD DARTER,PERCINA,B,,168474,N,C,PELTATA,CL,,I,I,R
2/4/2019,4540,CYPRINIDAE,CYPRINIDAE,REDSIDE SHINER X SPECKLED DACE,RICHARDSONIUS X RHINICHTHYS,W,,,Y,O,BALTEATUS X OSCULUS,CL,4.6,,O,O
2/4/2019,4541,CATOSTOMIDAE,CATOSTOMIDAE,SANTA ANA SUCKER,CATOSTOMUS,B,,,Y,C,SANTAANAE,CL,3,,H,O
2/4/2019,4542,SALMONIDAE,SALMONIDAE,SOCKEYE SALMON,ONCORHYNCHUS,W,,,Y,C,NERKA,CD,2,,I,
2/4/2019,4543,RANIDAE,RANIDAE,SPOTTED FROG,RANA,E,A,,Y,O,PRETIOSA,WM,1,,I,
2/4/2019,4544,CYPRINIDAE,CYPRINIDAE,STURGEON CHUB,MACRHYBOPSIS,B,,,Y,O,GELIDA,WM,9,,I,R
2/4/2019,4545,CYPRINIDAE,CYPRINIDAE,UMPQUA CHUB,OREGONICHTHYS,W,,,Y,,KALAWATSETI,WM,5,,I,
2/4/2019,4547,CENTRARCHIDAE,CENTRARCHIDAE,UNKNOWN POMOXIS,POMOXIS,W,,,Y,G,SP.,WM,8.5,,C,
2/4/2019,4548,CYPRINIDAE,CYPRINIDAE,UNKNOWN RHINICHTHYS,RHINICHTHYS,B,,,Y,O,SP.,CL,,,I,O
2/4/2019,4549,RANIDAE,RANIDAE,UNKNOWN RANA,RANA,E,A,,Y,O,SP.,,,,I,
2/4/2019,455,CENTRARCHIDAE,CENTRARCHIDAE,SHOAL BASS,MICROPTERUS,W,,564610,N,G,CATARACTAE,WM,,,C,P
2/4/2019,4550,DICAMPTODONTIDAE,DICAMPTODONTIDAE,UNKNOWN DICAMPTODON,DICAMPTODON,B,A,,Y,C,SP.,CD,1.3,,C,R
2/4/2019,4551,SALMONIDAE,SALMONIDAE,UNKNOWN SALMONID,,W,,,Y,C,SP.,CD,2.1,,I,O
2/4/2019,4552,BUFONIDAE,BUFONIDAE,UNKNOWN BUFO,BUFO,E,A,,Y,O,SP.,CL,4.5,,I,
2/4/2019,4553,CYPRINIDAE,CYPRINIDAE,VIRGIN SPINEDACE,LEPIDOMEDA,W,,,Y,O,MOLLISPINIS,WM,4,,O,O
2/4/2019,4554,ACIPENSERIDAE,ACIPENSERIDAE,WHITE STURGEON,ACIPENSER,B,,,Y,O,TRANSMONTANUS,CL,2,,C,O
2/4/2019,4555,RANIDAE,RANIDAE,WOOD FROG,RANA,E,A,,Y,O,SYLVATICA,CL,5,,I,
2/4/2019,4556,COTTIDAE,COTTIDAE,WOOD RIVER SCULPIN,COTTUS,B,,,Y,G,LEIOPOMUS,CD,2,,I,R
2/4/2019,4557,BUFONIDAE,BUFONIDAE,WOODHOUSES TOAD,BUFO,E,A,,Y,O,WOODHOUSII,CL,5,,I,
2/4/2019,4558,RANIDAE,RANIDAE,CHIRICAHUA LEOPARD FROG,LITHOBATES,E,A,,Y,O,CHIRICAHUENSIS,WM,5,,I,
2/4/2019,456,CYPRINIDAE,CYPRINIDAE,SHOAL CHUB,MACRHYBOPSIS,B,,553280,N,D,HYOSTOMA,WM,,,O,R
2/4/2019,457,CATOSTOMIDAE,CATOSTOMIDAE,SHORTHEAD REDHORSE,MOXOSTOMA,B,,163928,Y,C,MACROLEPIDOTUM,CL,8,I,O,O
2/4/2019,458,COTTIDAE,COTTIDAE,SHORTHEAD SCULPIN,COTTUS,B,,167240,N,G,CONFUSUS,CD,1.5,S,I,R
2/4/2019,459,LEPISOSTEIDAE,LEPISOSTEIDAE,SHORTNOSE GAR,LEPISOSTEUS,W,,161096,N,O,PLATOSTOMUS,WM,8,T,C,P
2/4/2019,46,CYPRINIDAE,CYPRINIDAE,BLACKCHIN SHINER,NOTROPIS,W,,163445,N,O,HETERODON,CL,,S,I,O
2/4/2019,460,ACIPENSERIDAE,ACIPENSERIDAE,SHORTNOSE STURGEON,ACIPENSER,B,,161069,Y,C,BREVIROSTRUM,WM,,,I,R
2/4/2019,461,ACIPENSERIDAE,ACIPENSERIDAE,SHOVELNOSE STURGEON,SCAPHIRHYNCHUS,B,,161082,Y,C,PLATORYNCHUS,WM,,S,I,R
2/4/2019,462,CYPRINIDAE,CYPRINIDAE,SICKLEFIN CHUB,MACRHYBOPSIS,B,,163868,N,D,MEEKI,WM,9,S,I,R
2/4/2019,463,CYPRINIDAE,CYPRINIDAE,SILVER CARP,HYPOPHTHALMICHTHYS,W,,163691,N,O,MOLITRIX,WM,,,H,O
2/4/2019,464,CYPRINIDAE,CYPRINIDAE,SILVER CHUB,MACRHYBOPSIS,B,,163870,N,D,STORERIANA,WM,9,I,I,O
2/4/2019,465,PETROMYZONTIDAE,PETROMYZONTIDAE,SILVER LAMPREY,ICHTHYOMYZON,B,,159730,Y,C,UNICUSPIS,CL,,I,C,O
2/4/2019,466,CATOSTOMIDAE,CATOSTOMIDAE,SILVER REDHORSE,MOXOSTOMA,B,,163933,N,C,ANISURUM,WM,8,I,I,O
2/4/2019,467,CYPRINIDAE,CYPRINIDAE,SILVER SHINER,NOTROPIS,W,,163461,N,O,PHOTOGENIS,CL,,I,O,O
2/4/2019,468,CYPRINIDAE,CYPRINIDAE,SILVERBAND SHINER,NOTROPIS,W,,163417,N,C,SHUMARDI,WM,,S,I,O
2/4/2019,469,CYPRINIDAE,CYPRINIDAE,SILVERJAW MINNOW,NOTROPIS,B,,163478,N,C,BUCCATUS,WM,,I,O,O
2/4/2019,47,PERCIDAE,PERCIDAE,BLACKFIN DARTER,ETHEOSTOMA,B,,168458,N,G,NIGRIPINNE,CL,,,I,R
2/4/2019,470,CYPRINIDAE,CYPRINIDAE,SILVERSTRIPE SHINER,NOTROPIS,W,,163469,N,C,STILBIUS,WM,,,I,O
2/4/2019,471,CLUPEIDAE,CLUPEIDAE,SKIPJACK HERRING,ALOSA,W,,161707,Y,C,CHRYSOCHLORIS,WM,,I,C,O
2/4/2019,472,ICTALURIDAE,ICTALURIDAE,SLENDER MADTOM,NOTURUS,B,,164010,N,G,EXILIS,WM,,S,I,O
2/4/2019,473,PERCIDAE,PERCIDAE,SLENDERHEAD DARTER,PERCINA,B,,168494,N,C,PHOXOCEPHALA,CL,,S,I,R
2/4/2019,474,CYPRINIDAE,CYPRINIDAE,SLIM MINNOW,PIMEPHALES,W,,163519,N,G,TENELLUS,WM,,S,I,O
2/4/2019,475,COTTIDAE,COTTIDAE,SLIMY SCULPIN,COTTUS,B,,167232,N,G,COGNATUS,CD,3,I,I,R
2/4/2019,476,PERCIDAE,PERCIDAE,SLOUGH DARTER,ETHEOSTOMA,B,,168366,N,G,GRACILE,WM,,S,I,P
2/4/2019,477,CATOSTOMIDAE,CATOSTOMIDAE,SMALLFIN REDHORSE,MOXOSTOMA,B,,163945,N,C,ROBUSTUM,WM,,,O,O
2/4/2019,478,CENTRARCHIDAE,CENTRARCHIDAE,SMALLMOUTH BASS,MICROPTERUS,W,,550562,N,G,DOLOMIEU,CL,3.7,I,C,P
2/4/2019,479,CATOSTOMIDAE,CATOSTOMIDAE,SMALLMOUTH BUFFALO,ICTIOBUS,B,,163955,N,O,BUBALUS,WM,9.1,T,O,O
2/4/2019,48,CATOSTOMIDAE,CATOSTOMIDAE,BLACKFIN SUCKER,THOBURNIA,B,,201955,N,C,ATRIPINNIS,WM,,,O,R
2/4/2019,480,CATOSTOMIDAE,CATOSTOMIDAE,SMALLMOUTH REDHORSE,MOXOSTOMA,B,,163929,Y,C,BREVICEPS,WM,,,I,O
2/4/2019,481,ICTALURIDAE,ICTALURIDAE,SNAIL BULLHEAD,AMEIURUS,B,,164035,N,G,BRUNNEUS,WM,,,O,O
2/4/2019,482,CHANNIDAE,CHANNIDAE,SNAKEHEAD,CHANNA,B,,166680,N,G,ARGUS,WM,,,C,O
2/4/2019,483,PERCIDAE,PERCIDAE,SNUBNOSE DARTER,ETHEOSTOMA,B,,168431,N,G,SIMOTERUM,CL,,I,I,R
2/4/2019,484,CATOSTOMIDAE,CATOSTOMIDAE,SONORA SUCKER,CATOSTOMUS,B,,163905,Y,C,INSIGNIS,WM,2.2,S,I,R
2/4/2019,485,PETROMYZONTIDAE,PETROMYZONTIDAE,SOUTHERN BROOK LAMPREY,ICHTHYOMYZON,B,,159727,Y,C,GAGEI,WM,,S,O,O
2/4/2019,486,PARALICHTHYIDAE,PARALICHTHYIDAE,SOUTHERN FLOUNDER,PARALICHTHYS,B,,172738,N,O,LETHOSTIGMA,WM,,,C,O
2/4/2019,487,CYPRINIDAE,CYPRINIDAE,SOUTHERN REDBELLY DACE,PHOXINUS,B,,163593,N,C,ERYTHROGASTER,WM,,S,O,O
2/4/2019,488,FUNDULIDAE,FUNDULIDAE,SOUTHERN STUDFISH,FUNDULUS,W,,165668,N,O,STELLIFER,WM,,,I,P
2/4/2019,489,CYPRINIDAE,CYPRINIDAE,SPECKLED CHUB,MACRHYBOPSIS,B,,163864,N,D,AESTIVALIS,WM,,S,O,R
2/4/2019,49,CYPRINIDAE,CYPRINIDAE,BLACKNOSE SHINER,NOTROPIS,W,,163446,N,O,HETEROLEPIS,CL,8,S,I,O
2/4/2019,490,CYPRINIDAE,CYPRINIDAE,SPECKLED DACE,RHINICHTHYS,B,,163387,N,C,OSCULUS,CL,4,I,O,O
2/4/2019,491,PERCIDAE,PERCIDAE,SPECKLED DARTER,ETHEOSTOMA,B,,168437,N,C,STIGMAEUM,CL,,I,I,R
2/4/2019,492,FUNDULIDAE,FUNDULIDAE,SPECKLED KILLIFISH,FUNDULUS,W,,165665,N,C,RATHBUNI,WM,,I,I,P
2/4/2019,493,ICTALURIDAE,ICTALURIDAE,SPECKLED MADTOM,NOTURUS,B,,164019,N,G,LEPTACANTHUS,WM,,,I,O
2/4/2019,4936,PERCIDAE,PERCIDAE,SOUTHERN LOGPERCH,PERCINA,B,,,N,C,AUSTROPERCA,CL,,S,I,O
2/4/2019,4937,PERCIDAE,PERCIDAE,FLORIDA SAND DARTER,AMMOCRYPTA,B,,,N,C,BIFASCIA,CL,,S,I,R
2/4/2019,494,OPHICHTHIDAE,OPHICHTHIDAE,SPECKLED WORM EEL,MYROPHIS,B,,161453,N,O,PUNCTATUS,WM,,,I,O
2/4/2019,495,PERCIDAE,PERCIDAE,SPLENDID DARTER,ETHEOSTOMA,B,,168453,N,G,BARRENENSE,CL,,,I,R
2/4/2019,496,SCIAENIDAE,SCIAENIDAE,SPOT,LEIOSTOMUS,B,,169267,Y,O,XANTHURUS,WM,,,C,O
2/4/2019,497,CYPRINIDAE,CYPRINIDAE,SPOTFIN SHINER,CYPRINELLA,W,,163803,N,O,SPILOPTERA,CL,8.2,T,O,O
2/4/2019,498,PERCIDAE,PERCIDAE,SPOTTAIL DARTER,ETHEOSTOMA,B,,168436,N,G,SQUAMICEPS,CL,,,I,R
2/4/2019,4982,PERCIDAE,PERCIDAE,ALABAMA DARTER,ETHEOSTOMA,B,,,N,C,RAMSEYI,CL,,S,I,R
2/4/2019,4983,ESOCIDAE,ESOCIDAE,ALASKA BLACKFISH,DALLIA,B,,,N,D,PECTORALIS,CD,,I,I,O
2/4/2019,4984,PERCIDAE,PERCIDAE,ASHY DARTER,ETHEOSTOMA,,,,,,CINEREUM,,,,,
2/4/2019,4985,CLUPEIDAE,CLUPEIDAE,ATLANTIC MENHADEN,BREVOORTIA,W,,,N,O,TYRANNUS,WM,,,O,O
2/4/2019,4986,ACIPENSERIDAE,ACIPENSERIDAE,ATLANTIC STURGEON,ACIPENSER,B,,,Y,C,OXYRINCHUS,CL,,,C,R
2/4/2019,4987,GADIDAE,GADIDAE,ATLANTIC TOMCOD,MICROGADUS,,,,,,TOMCOD,,,,,
2/4/2019,4988,CENTRARCHIDAE,CENTRARCHIDAE,BLACKBANDED SUNFISH,ENNEACANTHUS,W,,,N,G,CHAETODON,WM,,S,I,P
2/4/2019,4989,CENTRARCHIDAE,CENTRARCHIDAE,BLUEGILL X LONGEAR SUNFISH,LEPOMIS,W,,,N,G,MACROCHIRUS X MEGALOTIS,WM,,I,I,P
2/4/2019,499,CYPRINIDAE,CYPRINIDAE,SPOTTAIL SHINER,NOTROPIS,W,,163404,N,C,HUDSONIUS,CL,7.7,T,O,O
2/4/2019,4990,CYPRINIDAE,CYPRINIDAE,BROADSTRIPE SHINER,PTERONOTROPIS,W,,,N,O,EURYZONUS,WM,,S,I,R
2/4/2019,4991,FUNDULIDAE,FUNDULIDAE,BROADSTRIPE TOPMINNOW,FUNDULUS,W,,,N,O,EURYZONUS,WM,,S,I,P
2/4/2019,4992,CALLICHTHYIDAE,CALLICHTHYIDAE,BRONZE CORYDORAS,CORYDORAS,,,,,,AENEUS,,,,,
2/4/2019,4993,PERCIDAE,PERCIDAE,BROWN DARTER,ETHEOSTOMA,B,,,N,C,EDWINI,WM,,,I,R
2/4/2019,4994,CALLICHTHYIDAE,CALLICHTHYIDAE,BROWN HOPLO,HOPLOSTERNUM,B,,,,O,LITTORALE,WM,,,I,P
2/4/2019,4995,CYPRINIDAE,CYPRINIDAE,BURRHEAD CHUB,MACRHYBOPSIS,B,,,N,D,MARCONIS,WM,,,O,R
2/4/2019,4996,PERCIDAE,PERCIDAE,CAROLINA FANTAIL DARTER,ETHEOSTOMA,B,,,N,C,BREVISPINUM,CL,,I,I,R
2/4/2019,4997,PERCIDAE,PERCIDAE,CHAINBACK DARTER,PERCINA,B,,,N,,NEVISENSE,,,I,I,R
2/4/2019,4998,GOBIIDAE,GOBIIDAE,CLOWN GOBY,MICROGOBIUS,B,,,N,G,GULOSUS,WM,,I,I,O
2/4/2019,4999,GOBIIDAE,GOBIIDAE,COMMON STREAM GOBY,AWAOUS,B,,,N,G,STAMINEUS,WM,,,C,O
2/4/2019,5,LEPISOSTEIDAE,LEPISOSTEIDAE,ALLIGATOR GAR,ATRACTOSTEUS,W,,201897,N,O,SPATULA,WM,,I,C,P
2/4/2019,50,CYPRINIDAE,CYPRINIDAE,BLACKSIDE DACE,PHOXINUS,B,,163591,N,C,CUMBERLANDENSIS,WM,,,O,O
2/4/2019,500,CENTRARCHIDAE,CENTRARCHIDAE,SPOTTED BASS,MICROPTERUS,W,,168161,N,G,PUNCTULATUS,WM,9.1,T,C,P
2/4/2019,5000,CICHLIDAE,CICHLIDAE,CONVICT CICHLID,AMATITLANIA,W,,,N,G,NIGROFASCIATA,WM,,T,I,O
2/4/2019,5001,COBITIDAE,COBITIDAE,DOJO LOACH,MISGURNUS,B,,,N,O,ANGUICAUDATUS,CL,,T,O,O
2/4/2019,5002,PERCIDAE,PERCIDAE,DUSKYTAIL DARTER,ETHEOSTOMA,B,,,N,G,PERCNURUM,CL,,S,I,P
2/4/2019,5003,CATOSTOMIDAE,CATOSTOMIDAE,EASTERN CREEK CHUBSUCKER,ERIMYZON,W,,,N,C,OBLONGUS,WM,,I,O,O
2/4/2019,5005,CYPRINIDAE,CYPRINIDAE,FLUVIAL SHINER,NOTROPIS,W,,,N,C,EDWARDRANEYI,WM,,I,I,O
2/4/2019,5006,PERCIDAE,PERCIDAE,FRECKLED DARTER,PERCINA,B,,,N,C,LENTICULA,CL,,S,I,R
2/4/2019,5007,CARANGIDAE,CARANGIDAE,GIANT TREVALLY,CARANX,W,,,,,IGNOBILIS,WM,,,C,
2/4/2019,5008,POECILIIDAE,POECILIIDAE,GREEN SWORDTAIL,XIPHOPHORUS,W,,,N,,HELLERI,WM,,I,C,R
2/4/2019,5009,PERCIDAE,PERCIDAE,GREENBREAST DARTER,ETHEOSTOMA,B,,,N,C,JORDANI,CL,,I,I,R
2/4/2019,501,ICTALURIDAE,ICTALURIDAE,SPOTTED BULLHEAD,AMEIURUS,B,,164047,N,G,SERRACANTHUS,WM,,,O,O
2/4/2019,5010,CYPRINIDAE,CYPRINIDAE,GUADALUPE ROUNDNOSE MINNOW,DIONDA,B,,,N,C,NIGROTAENIATA,WM,,,H,O
2/4/2019,5011,POECILIIDAE,POECILIIDAE,GUPPY,POECILIA,W,,,N,O,RETICULATA,WM,,I,O,O
2/4/2019,5012,CLARIIDAE,CLARIIDAE,HONG KONG CATFISH,CIARIS,B,,,N,,FUSCUS,WM,,,O,O
2/4/2019,5013,SALMONIDAE,SALMONIDAE,HUMPBACK WHITEFISH,COREGONUS,B,,,Y,C/D,PIDSCHIAN,CD,,I,I,O
2/4/2019,5014,SALMONIDAE,SALMONIDAE,LAKE WHITEFISH,COREGONUS,B,,,N,C,CLUPEAFORMIS,CL,,I,I,O
2/4/2019,5015,CENTRARCHIDAE,CENTRARCHIDAE,LARGEMOUTH BASS X SPOTTED BASS,MICROPTERUS,W,,,N,G,SALMOIDES X PUNCTULATUM,WM,,T,C,P
2/4/2019,5016,PERCIDAE,PERCIDAE,LIPSTICK DARTER,ETHEOSTOMA,B,,,N,C,CHUCKWACHATTE,CL,,S,I,R
2/4/2019,5017,CYPRINIDAE,CYPRINIDAE,LITTLE COLORADO SPINEDACE,LEPIDOMEDA,W,,,Y,O,VITTATA,WM,,S,O,O
2/4/2019,5018,PERCIDAE,PERCIDAE,LOGPERCH X LONGHEAD DARTER,PERCINA,,,,,,CAPRODES X MACROCEPHALA,,,,,
2/4/2019,5019,CYPRINIDAE,CYPRINIDAE,METALLIC SHINER,PTERONOTROPIS,W,,,N,,METALLICUS,WM,,I,O,O
2/4/2019,502,PERCIDAE,PERCIDAE,SPOTTED DARTER,ETHEOSTOMA,B,,168408,N,G,MACULATUM,CL,,,I,R
2/4/2019,5020,GOBIIDAE,GOBIIDAE,NAKED GOBY,GOBIOSOMA,B,,,N,O,BOSC,CL,,I,I,O
2/4/2019,5021,GOBIIDAE,GOBIIDAE,NANIHA GOBY,STENOGOBIUS,,,,,,HAWAIIENSIS,,,,,
2/4/2019,5022,CYPRINIDAE,CYPRINIDAE,NORTHERN PEARL DACE,MARGARISCUS,W,,,N,C,NACHTRIEBI,WM,,I,O,R
2/4/2019,5023,CHANNIDAE,CHANNIDAE,NORTHERN SNAKEHEAD,CHANNA,B,,,N,D/G,ARGUS,WM,,T,C,O
2/4/2019,5024,CENTRARCHIDAE,CENTRARCHIDAE,ORANGESPOTTED SUNFISH X GREEN SUNFISH,LEPOMIS,W,,,N,G,HUMILUS X CYANELLUS,WM,,T,C,P
2/4/2019,5025,CICHLIDAE,CICHLIDAE,OSCAR,ASTRONOTUS,W,,,N,G,OCELLUS,WM,,T,C,O
2/4/2019,5026,LORICARIIDAE,LORICARIIDAE,PARANA SAILFIN CATFISH,PTERYGOPLICHTHYS,B,,,N,G,ANISITSI,WM,,T,O,O
2/4/2019,5027,CYPRINIDAE,CYPRINIDAE,PEPPERED SHINER,NOTROPIS,W,,,N,,PERPALLIDUS,WM ,,S,I,P
2/4/2019,5028,PERCIDAE,PERCIDAE,PINEWOODS DARTER,ETHEOSTOMA,B,,,N,O,MARIAE,CL,,S,I,R
2/4/2019,5029,FUNDULIDAE,FUNDULIDAE,RAINWATER KILLIFISH,LUCANIA,W,,,N,O,PARVA,WM,,I,I,O
2/4/2019,503,LEPISOSTEIDAE,LEPISOSTEIDAE,SPOTTED GAR,LEPISOSTEUS,W,,161095,N,O,OCULATUS,WM,,T,C,P
2/4/2019,5030,CYPRINIDAE,CYPRINIDAE,ROCKY SHINER,NOTROPIS,W,,,N,C,SUTTKUSI,WM,,S,O,R
2/4/2019,5031,SALMONIDAE,SALMONIDAE,ROUND WHITEFISH,PROSOPIUM,W,,,N,,CYLINDRACEUM,CL,,I,C,O
2/4/2019,5032,CYPRINIDAE,CYPRINIDAE,RUDD,SCARDINIUS,W,,,N,O,ERYTHROPTHALMUS,CL,,I,O,O
2/4/2019,5033,PERCIDAE,PERCIDAE,SEAGREEN DARTER,ETHEOSTOMA,B,,,N,C,THALASSINUM,CL,,I,I,R
2/4/2019,5034,CYPRINIDAE,CYPRINIDAE,SHARPNOSE SHINER,NOTROPIS,W,,,N,D,OXYRHYNCHUS,WM,,S,I,R
2/4/2019,5035,CENTRARCHIDAE,CENTRARCHIDAE,SHOAL BASS X SPOTTED BASS,MICROPTERUS,W,,,N,G,CATARACTAE X PUNCTULATUM,WM,,S,C,P
2/4/2019,5036,LEPISOSTEIDAE,LEPISOSTEIDAE,SHORTNOSE GAR X LONGNOSE GAR,LEPISOSTEUS,W,,,N,O,PLATOSTOMUS X OSSEUS,WM,,T,C,P
2/4/2019,5037,CYPRINIDAE,CYPRINIDAE,SKYGAZER SHINER,NOTROPIS,W,,,N,C,URANOSCOPUS,WM,,S,I,R
2/4/2019,5038,COTTIDAE,COTTIDAE,SLENDER SCULPIN,COTTUS,B,,,N,G,TENUIS,CL,,S,I,R
2/4/2019,5039,CYPRINIDAE,CYPRINIDAE,SMALLEYE SHINER,NOTROPIS,W,,,N,O,BUCCULA,WM,,S,I,O
2/4/2019,504,CATOSTOMIDAE,CATOSTOMIDAE,SPOTTED SUCKER,MINYTREMA,B,,163959,N,O,MELANOPS,WM,,I,I,O
2/4/2019,5041,SALMONIDAE,SALMONIDAE,SNAKE RIVER FINE-SPOTTED CUTTHROAT TROUT,ONCORHYNCHUS,W,,,N,C,CLARKII BEHNKEI,CD,,S,C,R
2/4/2019,5042,PLEURONECTIDAE,PLEURONECTIDAE,STARRY FLOUNDER,PLATICHTHYS,B,,,,,STELLATUS,CL,,I,I,O
2/4/2019,5043,PERCIDAE,PERCIDAE,STONE DARTER,ETHEOSTOMA,B,,,N,G,DERIVATIVUM,CL,,I,I,R
2/4/2019,5044,KUHLIIDAE,KUHLIIDAE,STRANGE-TAILED FLAGTAIL,KUHLIA,W,,,N,O,XENURA,WM,,T,O,O
2/4/2019,5045,CYPRINIDAE,CYPRINIDAE,STRIPED SHINER X CARMINE SHINER,LUXILUS X NOTROPIS,,,,,,CHRYSOCEPHALUS X PERCOBROMUS,,,,,
2/4/2019,5046,PERCIDAE,PERCIDAE,SWAMP DARTER,ETHEOSTOMA,B,,,N,O,FUSIFORME,CL,,I,I,P
2/4/2019,5047,XIPHIIDAE,XIPHIIDAE,SWORDFISH,XIPHIAS,W,,,Y,W,GLADIUS,CL,,I,C,O
2/4/2019,5048,CYPRINIDAE,CYPRINIDAE,THICKLIP CHUB,CYPRINELLA,W,,,N,O,LABROSA,WM,,,I,O
2/4/2019,5049,LORICARIIDAE,LORICARIIDAE,VERMICULATED SAILFIN CATFISH,PTERYGOPLICHTHYS,B,,,N,G,DISJUNCTIVUS,WM,,T,O,O
2/4/2019,505,CENTRARCHIDAE,CENTRARCHIDAE,SPOTTED SUNFISH,LEPOMIS,W,,168155,N,G,PUNCTATUS,WM,,I,I,P
2/4/2019,5050,GOBIIDAE,GOBIIDAE,VIOLET GOBY,GOBIOIDES,B,,,N,,BROUSSONETI,WM,,I,O,O
2/4/2019,5051,CYPRINIDAE,CYPRINIDAE,VIRGIN CHUB,GILA,W,,,Y,C,SEMINUDA,WM,,S,O,R
2/4/2019,5052,CLARIIDAE,CLARIIDAE,WALKING CATFISH,CLARIAS,B,,,Y,G,BATRACHUS,WM,,T,O,O
2/4/2019,5053,CATOSTOMIDAE,CATOSTOMIDAE,WESTERN CREEK CHUBSUCKER,ERIMYZON,W,,,N,C,CLAVIFORMIS,WM,,I,O,O
2/4/2019,5054,CYPRINIDAE,CYPRINIDAE,WOUNDFIN,PLAGOPTERUS,W,,,N,C,ARGENTISSIMUS,WM,,S,O,R
2/4/2019,5055,CYPRINIDAE,CYPRINIDAE,YELLOW SHINER,NOTROPIS,,,,,,CALIENTIS,,,,,
2/4/2019,5056,SALMONIDAE,SALMONIDAE,YELLOWSTONE CUTTHROAT TROUT,ONCORHYNCHUS,W,,,Y,C,CLARKII BOUVIERI,CD,,S,C,R
2/4/2019,5057,SALMONIDAE,SALMONIDAE,KOKANEE,ONCORHYNCHUS,W,,,N,C,NERKA,CD,2,,I,
2/4/2019,5058,PERCIDAE,PERCIDAE,OZARK LOGPERCH,PERCINA,B,,,N,C,FULVITAENIA,CL,,S,I,O
2/4/2019,5059,POECILIIDAE,POECILIIDAE,HYBRID POECILIA,POECILIA,,,,,,,,,,,
2/4/2019,506,PERCIDAE,PERCIDAE,STARGAZING DARTER,PERCINA,B,,168500,N,O,URANIDEA,WM,,I,I,R
2/4/2019,5060,CENTRARCHIDAE,CENTRARCHIDAE,LONGEAR SUNFISH X WARMOUTH,LEPOMIS,W,,,N,G,MEGALOTIS X GULOSUS,WM,,I,C,P
2/4/2019,5061,CICHLIDAE,CICHLIDAE,UNKNOWN TILAPIA,TILAPIA,W,,,N,G,,WM,,,O,P
2/4/2019,5062,CATOSTOMIDAE,CATOSTOMIDAE,HYBRID MOXOSTOMA,MOXOSTOMA,,,,,,,,,,,
2/4/2019,5063,CYPRINIDAE,CYPRINIDAE,RIFFLE MINNOW,PHENACOBIUS,B,,,N,C,CATOSTOMUS,CL,,I,I,R
2/4/2019,5064,CYPRINIDAE,CYPRINIDAE,SILVERSIDE SHINER,NOTROPIS,W,,,N,D,CANDIDUS,WM,,I,O,O
2/4/2019,5065,CENTRARCHIDAE,CENTRARCHIDAE,BLUEGILL X REDEAR SUNFISH,LEPOMIS,W,,,N,G,MACROCHIRUS X MICROLOPHUS,WM,,I,I,P
2/4/2019,5066,PERCIDAE,PERCIDAE,COASTAL DARTER,ETHEOSTOMA,,,,,,COLOROSUM,,,,,
2/4/2019,5067,CYPRINIDAE,CYPRINIDAE,MIMIC SHINER X ROSYFACE SHINER,NOTROPIS,W,,,N,C,VOLUCELLUS X RUBELLUS,CL,,S,I,O
2/4/2019,5068,Centrarchidae,CENTRARCHIDAE,ALABAMA BASS,MICROPTERUS,W,,,N,G,HENSHALLI,WM,,T,C,P
2/4/2019,5069,Cyprinidae,CYPRINIDAE,ARKANSAS RIVER SHINER,NOTROPIS,W,,,N,O,GIRARDI,WM,,I,I,O
2/4/2019,507,CYPRINIDAE,CYPRINIDAE,STARGAZING MINNOW,PHENACOBIUS,B,,163506,N,C,URANOPS,WM,,T,I,R
2/4/2019,5070,Fundulidae,FUNDULIDAE,BLUEFIN KILLIFISH,LUCANIA,,,,,,GOODEI,,,,,
2/4/2019,5071,Ictaluridae,ICTALURIDAE,BROADTAIL MADTOM,NOTURUS,B,,,N,G,SP. C.F. LEPTACANTHUS,WM,,S,I,O
2/4/2019,5072,Cottidae,COTTIDAE,COLUMBIA SCULPIN,COTTUS,B,,,N,G,HUBBSI,CL,,S,I,R
2/4/2019,5073,Eleotridae,ELEOTRIDAE,FAT SLEEPER,DORMITATOR,,,,,,MACULATUS,,,,,
2/4/2019,5074,Petromyzontidae,PETROMYZONTIDAE,PIT-KLAMATH BROOK LAMPREY,ENTOSPHENUS,,,,,,LETHOPHAGUS,,,,,
2/4/2019,5075,Salmonidae,SALMONIDAE,RIO GRANDE CUTTHROAT TROUT,ONCORHYNCHUS,,,,,,CLARKI VIRGINALIS,,,,,
2/4/2019,5076,Cyprinidae,CYPRINIDAE,RIO GRANDE SILVERY MINNOW,HYBOGNATHUS,B,,,N,O,AMARUS,CL,8,I,O,O
2/4/2019,5077,Cottidae,COTTIDAE,ROCKY MOUNTAIN SCULPIN,COTTUS,B,,,N,G,BONDI,CL,,S,I,R
2/4/2019,5079,Catostomidae,CATOSTOMIDAE,SHORTTAIL REDHORSE,MOXOSTOMA,,,,,,,,,,,
2/4/2019,508,FUNDULIDAE,FUNDULIDAE,STARHEAD TOPMINNOW,FUNDULUS,W,,165672,N,O,DISPAR,WM,,,I,P
2/4/2019,5080,Catostomidae,CATOSTOMIDAE,SOUTHEASTERN BLUE SUCKER,CYCLEPTUS,B,,,Y,C,MERIDIONALIS,WM,,S,I,R
2/4/2019,5081,Catostomidae,CATOSTOMIDAE,TYEE SUCKER,CATOSTOMUS,B,,,Y,C,TSILTCOOSENSIS,CL,,,O,R
2/4/2019,5082,Percidae,PERCIDAE,UNKNOWN DARTER,,,,,,,,,,,,
2/4/2019,5083,CYPRINIDAE,CYPRINIDAE,CREEK CHUB X REDSIDE DACE,SEMOTILUS X CLINOSTOMUS,W,,,N,C,ATROMACULATUS X ELONGATUS,CL,,I,O,O
2/4/2019,5084,CYPRINIDAE,CYPRINIDAE,UNKNOWN GILA,GILA,W,,,N,,,WM,,,,
2/4/2019,5085,CENTRARCHIDAE,CENTRARCHIDAE,UNKNOWN SUNFISH,,W,,,N,G,,WM,,,,P
2/4/2019,5086,CATOSTOMIDAE,CATOSTOMIDAE,BLUEHEAD SUCKER X FLANNELMOUTH SUCKER,CATOSTOMUS,B,,,,C,DISCOBOLUS X LATIPINNIS,,,,,R
2/4/2019,5087,PERCIDAE,PERCIDAE,CANDY DARTER X VARIEGATE DARTER,ETHEOSTOMA,B,,,N,C,OSBURNI X VARIATUM,CL,,,I,R
2/4/2019,5088,CENTRARCHIDAE,CENTRARCHIDAE,BLUEGILL X WARMOUTH,LEPOMIS,W,,,N,G,MACROCHIRUS X GULOSUS,WM,,I,,P
2/4/2019,5089,COBITIDAE,COBITIDAE,ORIENTAL WEATHERFISH,MISGURNUS,,,,,,ANGUILLICAUDATUS,,,,,
2/4/2019,509,CYPRINIDAE,CYPRINIDAE,STEELCOLOR SHINER,CYPRINELLA,W,,163811,N,O,WHIPPLEI,WM,,I,O,O
2/4/2019,5090,,,UNKNOWN EXOTIC FISH,,,,,,,,,,,,
2/4/2019,5091,CYPRINIDAE,CYPRINIDAE,BIGHEAD CARP X SILVER CARP,HYPOPHTHALMICHTHYS,W,,,N,O,MOLOTRIX X NOBILIS,WM,,,H,O
2/4/2019,5092,CLUPEIDAE,CLUPEIDAE,UNKNOWN ALOSA,ALOSA,W,,,,,,,,,,O
2/4/2019,5093,CYPRINIDAE,CYPRINIDAE,PLAINS MINNOW X WESTERN SILVERY MINNOW,HYBOGNATHUS,B,,,N,,PLACITUS X ARGYRITIS,,,,O,O
2/4/2019,5094,CENTRARCHIDAE,CENTRARCHIDAE,LONGEAR SUNFISH X REDBREAST SUNFISH,LEPOMIS,W,,,N,G,MEGALOTIS X AURITIS,,,,I,P
2/4/2019,5095,CENTRARCHIDAE,CENTRARCHIDAE,GREEN SUNFISH X ORANGESPOTTED SUNFISH,LEPOMIS,,,,,,CYANELLUS X HUMILUS,,,,,
2/4/2019,5096,LEPISOSTEIDAE,LEPISOSTEIDAE,LONGNOSE GAR X SHORTNOSE GAR,LEPISOSTEUS,,,,,,OSSEUS X PLATOSTOMUS,,,,,
2/4/2019,5097,CYPRINIDAE,CYPRINIDAE,CARMINE SHINER X STRIPED SHINER,NOTROPIS X LUXILUS ,,,,,,PERCOBROMUS X CHRYSOCEPHALUS,,,,,
2/4/2019,5098,CENTRARCHIDAE,CENTRARCHIDAE,BLUEGILL X SPOTTED SUNFISH,LEPOMIS,W,,,N,G,MACROCHIRUS X PUNCTATUS,WM,,I,I,P
2/4/2019,5099,POECILIIDAE,POECILIIDAE,MEXICAN MOLLY,POECILIA,W,,,N,G,SPHENOPS,WM,,,I,P
2/4/2019,51,PERCIDAE,PERCIDAE,BLACKSIDE DARTER,PERCINA,B,,168488,N,C,MACULATA,CL,8,I,I,O
2/4/2019,510,PERCIDAE,PERCIDAE,STIPPLED DARTER,ETHEOSTOMA,B,,168425,N,C,PUNCTULATUM,CL,,S,I,R
2/4/2019,511,ICTALURIDAE,ICTALURIDAE,STONECAT,NOTURUS,B,,164013,N,G,FLAVUS,CL,7.1,I,C,O
2/4/2019,512,PERCIDAE,PERCIDAE,STRAWBERRY DARTER,ETHEOSTOMA,B,,650194,N,C,FRAGI,CL,,,I,R
2/4/2019,513,CYPRINIDAE,CYPRINIDAE,STREAMLINE CHUB,ERIMYSTAX,B,,163821,N,C,DISSIMILIS,CL,,S,H,R
2/4/2019,514,PERCIDAE,PERCIDAE,STRIPEBACK DARTER,PERCINA,B,,168473,N,C,NOTOGRAMMA,WM,,I,I,O
2/4/2019,515,MORONIDAE,MORONIDAE,STRIPED BASS,MORONE,W,,167680,Y,O,SAXATILIS,WM,10,I,C,P
2/4/2019,516,PERCIDAE,PERCIDAE,STRIPED DARTER,ETHEOSTOMA,B,,168447,N,G,VIRGATUM,CL,,,I,R
2/4/2019,517,CATOSTOMIDAE,CATOSTOMIDAE,STRIPED JUMPROCK,MOXOSTOMA,B,,163946,N,C,RUPISCARTES,WM,,,I,O
2/4/2019,518,MUGILIDAE,MUGILIDAE,STRIPED MULLET,MUGIL,W,,170335,Y,O,CEPHALUS,WM,,,O,O
2/4/2019,519,CYPRINIDAE,CYPRINIDAE,STRIPED SHINER,LUXILUS,W,,163832,N,C,CHRYSOCEPHALUS,WM,,T,O,O
2/4/2019,52,PERCIDAE,PERCIDAE,BLACKSIDE SNUBNOSE DARTER,ETHEOSTOMA,B,,168389,N,G,DURYI,CL,,,I,R
2/4/2019,520,PERCIDAE,PERCIDAE,STRIPETAIL DARTER,ETHEOSTOMA,B,,168405,N,G,KENNICOTTI,CL,,I,I,R
2/4/2019,521,LORICARIIDAE,LORICARIIDAE,SUCKERMOUTH CATFISH,HYPOSTOMUS,B,,164342,N,G,PLECOSTOMUS,WM,,,H,O
2/4/2019,522,CYPRINIDAE,CYPRINIDAE,SUCKERMOUTH MINNOW,PHENACOBIUS,B,,163502,N,C,MIRABILIS,WM,7,I,I,R
2/4/2019,523,CENTRARCHIDAE,CENTRARCHIDAE,SUWANNEE BASS,MICROPTERUS,W,,168164,N,G,NOTIUS,WM,,,C,P
2/4/2019,524,CYPRINIDAE,CYPRINIDAE,SWALLOWTAIL SHINER,NOTROPIS,W,,163407,N,C,PROCNE,CL,,I,O,O
2/4/2019,525,AMBLYOPSIDAE,AMBLYOPSIDAE,SWAMPFISH,CHOLOGASTER,B,,164390,N,O,CORNUTA,WM,,,I,O
2/4/2019,526,PERCIDAE,PERCIDAE,SWANNANOA DARTER,ETHEOSTOMA,B,,168440,N,C,SWANNANOA,CL,,,I,R
2/4/2019,527,,,TADPOLE,,,A,,,,,,,,,
2/4/2019,528,ICTALURIDAE,ICTALURIDAE,TADPOLE MADTOM,NOTURUS,B,,164003,N,G,GYRINUS,WM,7.8,T,I,O
2/4/2019,529,CATOSTOMIDAE,CATOSTOMIDAE,TAHOE SUCKER,CATOSTOMUS,B,,163914,Y,C,TAHOENSIS,CL,4.6,I,O,R
2/4/2019,53,CYPRINIDAE,CYPRINIDAE,BLACKSPOT SHINER,NOTROPIS,W,,163413,N,C,ATROCAUDALIS,WM,,,O,O
2/4/2019,530,LEIOPELMATIDAE,LEIOPELMATIDAE,TAILED FROG,ASCAPHUS,E,A,173546,N,C,TRUEI,CD,0.9,,I,R
2/4/2019,531,LEIOPELMATIDAE,LEIOPELMATIDAE,TAILED FROG (TADPOLE),ASCAPHUS,E,A,173546,N,C,TRUEI,CD,,,H,R
2/4/2019,532,CYPRINIDAE,CYPRINIDAE,TAILLIGHT SHINER,NOTROPIS,W,,163454,N,O,MACULATUS,WM,,S,O,O
2/4/2019,533,PERCIDAE,PERCIDAE,TALLAPOOSA DARTER,ETHEOSTOMA,B,,650188,N,C,TALLAPOOSAE,CL,,,I,R
2/4/2019,534,COTTIDAE,COTTIDAE,TALLAPOOSA SCULPIN,COTTUS,B,,,N,G,TALLAPOOSAE,CL,,,I,R
2/4/2019,535,CYPRINIDAE,CYPRINIDAE,TALLAPOOSA SHINER,CYPRINELLA,W,,163784,N,O,GIBBSI,WM,,,I,O
2/4/2019,536,PERCIDAE,PERCIDAE,TANGERINE DARTER,PERCINA,B,,168477,N,C,AURANTIACA,CL,,,I,O
2/4/2019,537,PERCIDAE,PERCIDAE,TEARDROP DARTER,ETHEOSTOMA,B,,168373,N,G,BARBOURI,CL,,,I,R
2/4/2019,538,CYPRINIDAE,CYPRINIDAE,TELESCOPE SHINER,NOTROPIS,W,,163470,N,C,TELESCOPUS,WM,,I,I,O
2/4/2019,539,CYPRINIDAE,CYPRINIDAE,TENCH,TINCA,W,,163348,N,O,TINCA,CL,,,I,P
2/4/2019,54,FUNDULIDAE,FUNDULIDAE,BLACKSPOTTED TOPMINNOW,FUNDULUS,W,,165655,N,C,OLIVACEUS,WM,,I,O,P
2/4/2019,540,CYPRINIDAE,CYPRINIDAE,TENNESSEE DACE,PHOXINUS,B,,163598,N,C,TENNESSEENSIS,WM,,I,O,O
2/4/2019,541,PERCIDAE,PERCIDAE,TENNESSEE DARTER,ETHEOSTOMA,B,,,N,C,TENNESSEENSE,CL,,,I,R
2/4/2019,542,CYPRINIDAE,CYPRINIDAE,TENNESSEE SHINER,NOTROPIS,W,,163451,N,O,LEUCIODUS,WM,,,O,O
2/4/2019,543,PERCIDAE,PERCIDAE,TESSELLATED DARTER,ETHEOSTOMA,B,,168360,N,G,OLMSTEDI,CL,,T,I,O
2/4/2019,544,PERCIDAE,PERCIDAE,TEXAS LOGPERCH,PERCINA,B,,168501,N,C,CARBONARIA,CL,,,I,R
2/4/2019,545,CYPRINIDAE,CYPRINIDAE,TEXAS SHINER,NOTROPIS,W,,163410,N,C,AMABILIS,WM,,,O,O
2/4/2019,546,CYPRINIDAE,CYPRINIDAE,THINLIP CHUB,CYPRINELLA,W,,,N,O,CF. ZANEMA,WM,,,I,O
2/4/2019,547,CLUPEIDAE,CLUPEIDAE,THREADFIN SHAD,DOROSOMA,W,,161738,N,O,PETENENSE,WM,,I,O,O
2/4/2019,548,GASTEROSTEIDAE,GASTEROSTEIDAE,THREESPINE STICKLEBACK,GASTEROSTEUS,W,,166365,N,G,ACULEATUS,CL,4.7,I,I,P
2/4/2019,549,ESOCIDAE,ESOCIDAE,TIGER MUSKELLUNGE,ESOX,W,,,N,O,LUCIUS X MASQUINONGY,CL,,,C,P
2/4/2019,55,FUNDULIDAE,FUNDULIDAE,BLACKSTRIPE TOPMINNOW,FUNDULUS,W,,165663,N,O,NOTATUS,WM,,T,I,P
2/4/2019,550,SALMONIDAE,SALMONIDAE,TIGER TROUT,SALMO X SALVELINUS,W,,,Y,C,TRUTTA X FONTINALIS,CD,2.7,S,C,R
2/4/2019,551,PERCIDAE,PERCIDAE,TIPPECANOE DARTER,ETHEOSTOMA,B,,168443,N,C,TIPPECANOE,CL,,,I,R
2/4/2019,552,PERCIDAE,PERCIDAE,TOMBIGBEE DARTER,ETHEOSTOMA,B,,201988,N,O,LACHNERI,CL,,,I,R
2/4/2019,553,COTTIDAE,COTTIDAE,TORRENT SCULPIN,COTTUS,B,,167252,N,G,RHOTHEUS,CD,2.8,S,I,R
2/4/2019,554,CATOSTOMIDAE,CATOSTOMIDAE,TORRENT SUCKER,THOBURNIA,B,,553276,N,C,RHOTHOECA,WM,,S,O,R
2/4/2019,555,CYPRINIDAE,CYPRINIDAE,TRICOLOR SHINER,CYPRINELLA,W,,163806,N,O,TRICHROISTIA,WM,,,I,O
2/4/2019,556,PERCOPSIDAE,PERCOPSIDAE,TROUT-PERCH,PERCOPSIS,B,,164409,N,C,OMISCOMAYCUS,CL,8.4,T,I,O
2/4/2019,557,CYPRINIDAE,CYPRINIDAE,TUI CHUB,GILA,W,,163544,N,O,BICOLOR,WM,4,T,O,P
2/4/2019,558,EMBIOTOCIDAE,EMBIOTOCIDAE,TULE PERCH,HYSTEROCARPUS,W,,553322,N,O,TRASKII,CL,8,I,I,P
2/4/2019,559,PERCIDAE,PERCIDAE,TURQUOISE DARTER,ETHEOSTOMA,B,,168400,N,C,INSCRIPTUM,CL,,,I,R
2/4/2019,56,CATOSTOMIDAE,CATOSTOMIDAE,BLACKTAIL REDHORSE,MOXOSTOMA,B,,163932,N,C,POECILURUM,WM,,,I,O
2/4/2019,560,CYPRINIDAE,CYPRINIDAE,UMATILLA DACE,RHINICHTHYS,B,,201910,N,C,UMATILLA,CL,,,O,O
2/4/2019,561,,,UNKNOWN,,,,,,,,,,,,
2/4/2019,562,ICTALURIDAE,ICTALURIDAE,UNKNOWN AMEIURUS,AMEIURUS,B,,164034,N,G,,WM,,,O,O
2/4/2019,563,PERCIDAE,PERCIDAE,UNKNOWN AMMOCRYPTA,AMMOCRYPTA,B,,,N,C,,CL,,,I,R
2/4/2019,564,CENTRARCHIDAE,CENTRARCHIDAE,UNKNOWN BASS,MICROPTERUS,W,,,N,G,,WM,,,C,P
2/4/2019,565,CYPRINIDAE,CYPRINIDAE,UNKNOWN CAMPOSTOMA,CAMPOSTOMA,B,,,N,C,,WM,,,H,R
2/4/2019,566,CATOSTOMIDAE,CATOSTOMIDAE,UNKNOWN CARPIODES,CARPIODES,B,,163916,Y,C,,WM,,,O,O
2/4/2019,567,CATOSTOMIDAE,CATOSTOMIDAE,UNKNOWN CATOSTOMUS,CATOSTOMUS,B,,163893,Y,C,,CL,,,O,R
2/4/2019,568,CICHLIDAE,CICHLIDAE,UNKNOWN CICHLID,,W,,,N,G,,WM,,,O,P
2/4/2019,569,COTTIDAE,COTTIDAE,UNKNOWN COTTUS,COTTUS,B,,167229,N,G,,CL,,,I,R
2/4/2019,57,CYPRINIDAE,CYPRINIDAE,BLACKTAIL SHINER,CYPRINELLA,W,,163809,N,O,VENUSTA,WM,,I,I,O
2/4/2019,570,CYPRINIDAE,CYPRINIDAE,UNKNOWN CYPRINELLA,CYPRINELLA,W,,,N,O,,WM,,,I,O
2/4/2019,571,ESOCIDAE,ESOCIDAE,UNKNOWN ESOX,ESOX,W,,,N,O,,CL,,,C,P
2/4/2019,572,PERCIDAE,PERCIDAE,UNKNOWN ETHEOSTOMA,ETHEOSTOMA,B,,,N,O,,,,,I,O
2/4/2019,573,FUNDULIDAE,FUNDULIDAE,UNKNOWN FUNDULUS,FUNDULUS,W,,,N,O,,WM,,,I,P
2/4/2019,574,POECILIIDAE,POECILIIDAE,UNKNOWN GAMBUSIA,GAMBUSIA,W,,,N,G,,WM,,,I,P
2/4/2019,575,GOBIIDAE,GOBIIDAE,UNKNOWN GOBY,,B,,,N,G,,WM,,,C,O
2/4/2019,576,CLUPEIDAE,CLUPEIDAE,UNKNOWN HERRING,,W,,,N,O,,WM,,,O,O
2/4/2019,577,CYPRINIDAE,CYPRINIDAE,UNKNOWN HYBOGNATHUS,HYBOGNATHUS,B,,,N,O,,WM,,,O,O
2/4/2019,578,CYPRINIDAE,CYPRINIDAE,UNKNOWN HYBOPSIS,HYBOPSIS,W,,,N,C,,WM,,,I,O
2/4/2019,579,CATOSTOMIDAE,CATOSTOMIDAE,UNKNOWN ICTIOBUS,ICTIOBUS,B,,163954,N,O,,WM,,,O,O
2/4/2019,58,CYPRINIDAE,CYPRINIDAE,BLACKTAIL SHINER X RED SHINER,CYPRINELLA,W,,,N,O,VENUSTA X LUTRENSIS,WM,,,O,O
2/4/2019,580,PETROMYZONTIDAE,PETROMYZONTIDAE,UNKNOWN LAMPREY,,B,,,Y,C,,CL,2,S,O,O
2/4/2019,581,LEPISOSTEIDAE,LEPISOSTEIDAE,UNKNOWN LEPISOSTEUS,LEPISOSTEUS,W,,,N,O,,WM,,,C,P
2/4/2019,582,CENTRARCHIDAE,CENTRARCHIDAE,UNKNOWN LEPOMIS,LEPOMIS,W,,,N,G,,WM,,,C,P
2/4/2019,583,CENTRARCHIDAE,CENTRARCHIDAE,UNKNOWN LEPOMIS (YOY),LEPOMIS,W,,,N,G,,WM,,,C,P
2/4/2019,584,CYPRINIDAE,CYPRINIDAE,UNKNOWN MINNOW,,W,,,N,O,,WM,,,O,O
2/4/2019,585,MORONIDAE,MORONIDAE,UNKNOWN MORONE,MORONE,W,,,Y,O,,WM,,,C,P
2/4/2019,586,CATOSTOMIDAE,CATOSTOMIDAE,UNKNOWN MOXOSTOMA,MOXOSTOMA,B,,,N,C,,WM,,,O,O
2/4/2019,587,CYPRINIDAE,CYPRINIDAE,UNKNOWN NOTROPIS,NOTROPIS,W,,163399,N,O,,WM,,,O,O
2/4/2019,588,ICTALURIDAE,ICTALURIDAE,UNKNOWN NOTURUS,NOTURUS,B,,164002,N,G,,WM,,,I,O
2/4/2019,589,CYPRINIDAE,CYPRINIDAE,UNKNOWN PHOXINUS,PHOXINUS,B,,,N,C,SP.,WM,,,O,O
2/4/2019,59,CATOSTOMIDAE,CATOSTOMIDAE,BLACKTIP JUMPROCK,MOXOSTOMA,B,,163937,N,C,CERVINUM,WM,,S,I,O
2/4/2019,590,CYPRINIDAE,CYPRINIDAE,UNKNOWN PIMEPHALES,PIMEPHALES,W,,,N,G,,WM,,,O,O
2/4/2019,591,CYPRINIDAE,CYPRINIDAE,UNKNOWN PTYCHOCHELIUS,PTYCHOCHEILUS,W,,,Y,C,,CL,,,C,R
2/4/2019,592,DICAMPTODONTIDAE,DICAMPTODONTIDAE,UNKNOWN SALAMANDER,,B,A,,N,C,,CD,1,I,I,R
2/4/2019,593,ATHERINIDAE,ATHERINIDAE,UNKNOWN SILVERSIDE,,W,,,N,O,,WM,,,I,O
2/4/2019,594,CATOSTOMIDAE,CATOSTOMIDAE,UNKNOWN SUCKER,,B,,,N,C,,WM,2.5,,O,O
2/4/2019,595,CATOSTOMIDAE,CATOSTOMIDAE,UNKNOWN SUCKER (YOY),,B,,,N,C,,WM,,,O,O
2/4/2019,596,MORONIDAE,MORONIDAE,UNKNOWN TEMPERATE BASS,MORONE,W,,,Y,O,,WM,,,C,P
2/4/2019,597,SALMONIDAE,SALMONIDAE,UNKNOWN TROUT,,W,,,N,C,,CD,2.1,,C,R
2/4/2019,598,UMBRIDAE,UMBRIDAE,UNKNOWN UMBRA,UMBRA,B,,,N,G,,WM,,T,I,P
2/4/2019,599,CYPRINIDAE,CYPRINIDAE,UTAH CHUB,GILA,W,,163543,N,O,ATRARIA,WM,4,T,O,O
2/4/2019,6,PETROMYZONTIDAE,PETROMYZONTIDAE,AMERICAN BROOK LAMPREY,LAMPETRA,B,,159708,Y,C,APPENDIX,WM,,I,O,O
2/4/2019,60,CYPRINIDAE,CYPRINIDAE,BLACKTIP SHINER,LYTHRURUS,W,,163849,N,C,ATRAPICULUS,WM,,,I,O
2/4/2019,600,CATOSTOMIDAE,CATOSTOMIDAE,UTAH SUCKER,CATOSTOMUS,B,,163899,Y,C,ARDENS,CL,6.9,T,O,R
2/4/2019,601,CATOSTOMIDAE,CATOSTOMIDAE,V-LIP REDHORSE,MOXOSTOMA,B,,163943,N,C,PAPPILLOSUM,WM,,,O,O
2/4/2019,602,PERCIDAE,PERCIDAE,VARIEGATE DARTER,ETHEOSTOMA,B,,168446,N,C,VARIATUM,CL,,S,I,R
2/4/2019,603,PERCIDAE,PERCIDAE,WALLEYE,SANDER,W,,650173,N,C,VITREUS,CL,8.7,T,C,O
2/4/2019,604,CENTRARCHIDAE,CENTRARCHIDAE,WARMOUTH,LEPOMIS,W,,168138,N,G,GULOSUS,WM,,I,C,P
2/4/2019,605,CYPRINIDAE,CYPRINIDAE,WARPAINT SHINER,LUXILUS,W,,163834,N,C,COCCOGENIS,WM,,I,I,O
2/4/2019,606,CYPRINIDAE,CYPRINIDAE,WEDGESPOT SHINER,NOTROPIS,W,,163443,N,C,GREENEI,WM,,I,I,O
2/4/2019,607,CYPRINIDAE,CYPRINIDAE,WEED SHINER,NOTROPIS,W,,163420,N,O,TEXANUS,CL,,I,H,O
2/4/2019,608,CYPRINIDAE,CYPRINIDAE,WESTERN BLACKNOSE DACE,RHINICHTHYS,B,,689949,N,C,OBTUSUS,CL,,,O,O
2/4/2019,609,PETROMYZONTIDAE,PETROMYZONTIDAE,WESTERN BROOK LAMPREY,LAMPETRA,B,,159707,Y,C,RICHARDSONI,CL,1.3,S,O,O
2/4/2019,61,CYPRINIDAE,CYPRINIDAE,BLEEDING SHINER,LUXILUS,W,,163840,N,C,ZONATUS,WM,,I,I,O
2/4/2019,610,POECILIIDAE,POECILIIDAE,WESTERN MOSQUITOFISH,GAMBUSIA,W,,165878,N,G,AFFINIS,WM,8.8,T,I,P
2/4/2019,611,PERCIDAE,PERCIDAE,WESTERN SAND DARTER,AMMOCRYPTA,B,,168515,N,C,CLARA,CL,,S,I,R
2/4/2019,612,CYPRINIDAE,CYPRINIDAE,WESTERN SILVERY MINNOW,HYBOGNATHUS,B,,163362,N,O,ARGYRITIS,CL,8,I,O,O
2/4/2019,613,BUFONIDAE,BUFONIDAE,WESTERN TOAD,BUFO,E,A,,N,O,BOREAS,CL,4,,I,O
2/4/2019,614,PERCIDAE,PERCIDAE,WESTRIM DARTER,ETHEOSTOMA,B,,,N,C,OCCIDENTALE,CL,,,I,R
2/4/2019,615,SALMONIDAE,SALMONIDAE,WESTSLOPE CUTTHROAT TROUT,ONCORHYNCHUS,W,,553415,Y,C,CLARKII LEWISI,CD,,,C,R
2/4/2019,616,MORONIDAE,MORONIDAE,WHITE BASS,MORONE,W,,167682,Y,O,CHRYSOPS,WM,10,T,C,P
2/4/2019,617,ICTALURIDAE,ICTALURIDAE,WHITE CATFISH,AMEIURUS,B,,164037,N,G,CATUS,WM,7,T,O,O
2/4/2019,618,CENTRARCHIDAE,CENTRARCHIDAE,WHITE CRAPPIE,POMOXIS,W,,168166,N,G,ANNULARIS,WM,8.8,T,C,P
2/4/2019,619,MUGILIDAE,MUGILIDAE,WHITE MULLET,MUGIL,W,,170336,Y,O,CUREMA,WM,,,O,O
2/4/2019,62,PERCIDAE,PERCIDAE,BLENNY DARTER,ETHEOSTOMA,B,,168376,N,C,BLENNIUS,CL,,S,I,R
2/4/2019,620,MORONIDAE,MORONIDAE,WHITE PERCH,MORONE,W,,167678,Y,O,AMERICANA,WM,,I,C,P
2/4/2019,621,CYPRINIDAE,CYPRINIDAE,WHITE SHINER,LUXILUS,W,,163826,N,C,ALBEOLUS,WM,,,I,O
2/4/2019,622,CATOSTOMIDAE,CATOSTOMIDAE,WHITE SUCKER,CATOSTOMUS,B,,553273,Y,C,COMMERSONII,CL,7.6,I,O,R
2/4/2019,623,CYPRINIDAE,CYPRINIDAE,WHITEFIN SHINER,CYPRINELLA,W,,163797,N,O,NIVEA,WM,,,I,O
2/4/2019,624,CYPRINIDAE,CYPRINIDAE,WHITEMOUTH SHINER,NOTROPIS,W,,163422,N,C,ALBORUS,WM,,I,O,O
2/4/2019,625,CYPRINIDAE,CYPRINIDAE,WHITETAIL SHINER,CYPRINELLA,W,,163782,N,O,GALACTURA,WM,,S,I,O
2/4/2019,626,MORONIDAE,MORONIDAE,WIPER,MORONE,W,,,Y,O,CHRYSOPS X SAXATILIS,WM,,,C,P
2/4/2019,627,PERCIDAE,PERCIDAE,WOUNDED DARTER,ETHEOSTOMA,B,,168463,N,G,VULNERATUM,CL,,I,I,R
2/4/2019,628,CYPRINIDAE,CYPRINIDAE,YAZOO SHINER,NOTROPIS,W,,201915,N,O,RAFINESQUEI,WM,,,O,O
2/4/2019,629,MORONIDAE,MORONIDAE,YELLOW BASS,MORONE,W,,167683,Y,O,MISSISSIPPIENSIS,WM,,I,C,P
2/4/2019,63,PERCIDAE,PERCIDAE,BLOODFIN DARTER,ETHEOSTOMA,B,,168461,N,G,SANGUIFLUUM,CL,,,I,R
2/4/2019,630,ICTALURIDAE,ICTALURIDAE,YELLOW BULLHEAD,AMEIURUS,B,,164041,N,G,NATALIS,WM,7,I,O,O
2/4/2019,631,PERCIDAE,PERCIDAE,YELLOW PERCH,PERCA,W,,168469,N,O,FLAVESCENS,CL,7.4,I,C,O
2/4/2019,632,GOBIIDAE,GOBIIDAE,YELLOWFIN GOBY,ACANATHOGOBIUS,B,,171882,N,G,FLAVIMANUS,WM,,,C,O
2/4/2019,633,GERREIDAE,GERREIDAE,YELLOWFIN MOJARRA,GERRES,W,,169032,N,O,CINEREUS,WM,,,C,O
2/4/2019,634,CYPRINIDAE,CYPRINIDAE,YELLOWFIN SHINER,NOTROPIS,W,,163453,N,C,LUTIPINNIS,WM,,,O,O
2/4/2019,635,PERCIDAE,PERCIDAE,YOKE DARTER,ETHEOSTOMA,B,,168403,N,C,JULIAE,CL,,S,I,R
2/4/2019,64,CYPRINIDAE,CYPRINIDAE,BLOTCHED CHUB,ERIMYSTAX,B,,163823,N,C,INSIGNIS,CL,,S,O,R
2/4/2019,65,ICTALURIDAE,ICTALURIDAE,BLUE CATFISH,ICTALURUS,B,,163997,N,G,FURCATUS,WM,,I,O,O
2/4/2019,66,COTTIDAE,COTTIDAE,BLUE RIDGE SCULPIN,COTTUS,B,,643932,N,G,CAERULEOMENTUM,CL,,,I,R
2/4/2019,67,CATOSTOMIDAE,CATOSTOMIDAE,BLUE SUCKER,CYCLEPTUS,B,,163953,Y,C,ELONGATUS,WM,,S,I,R
2/4/2019,68,CICHLIDAE,CICHLIDAE,BLUE TILAPIA,OREOCHROMIS,W,,553308,N,G,AUREUS,WM,,,O,P
2/4/2019,69,CLUPEIDAE,CLUPEIDAE,BLUEBACK HERRING,ALOSA,W,,161703,N,O,AESTIVALIS,CL,,,I,O
2/4/2019,7,ANGUILLIDAE,ANGUILLIDAE,AMERICAN EEL,ANGUILLA,B,,161127,Y,O,ROSTRATA,CL,,T,C,O
2/4/2019,70,PERCIDAE,PERCIDAE,BLUEBREAST DARTER,ETHEOSTOMA,B,,168379,N,G,CAMURUM,CL,,,I,R
2/4/2019,71,CYPRINIDAE,CYPRINIDAE,BLUEFIN STONEROLLER,CAMPOSTOMA,B,,163511,N,C,PAUCIRADII,WM,,,H,R
2/4/2019,72,POMATOMIDAE,POMATOMIDAE,BLUEFISH,POMATOMUS,W,,168559,N,O,SALTATRIX,CL,,,C,O
2/4/2019,73,CENTRARCHIDAE,CENTRARCHIDAE,BLUEGILL,LEPOMIS,W,,168141,N,G,MACROCHIRUS,WM,8.2,I,I,P
2/4/2019,74,CENTRARCHIDAE,CENTRARCHIDAE,BLUEGILL HYBRID,LEPOMIS,W,,,N,G,,WM,,,C,P
2/4/2019,75,CENTRARCHIDAE,CENTRARCHIDAE,BLUEGILL X GREEN SUNFISH,LEPOMIS,W,,,N,G,MACROCHIRUS X CYANELLUS,WM,,,C,P
2/4/2019,76,CENTRARCHIDAE,CENTRARCHIDAE,BLUEGILL X ORANGESPOTTED SUNFISH,LEPOMIS,W,,,N,G,MACROCHIRUS X HUMILUS,WM,,,C,P
2/4/2019,77,CENTRARCHIDAE,CENTRARCHIDAE,BLUEGILL X REDBREAST SUNFISH,LEPOMIS,W,,,N,G,MACROCHIRUS X AURITIS,WM,,,C,P
2/4/2019,78,CYPRINIDAE,CYPRINIDAE,BLUEHEAD CHUB,NOCOMIS,B,,163393,N,C,LEPTOCEPHALUS,WM,,I,O,O
2/4/2019,79,CATOSTOMIDAE,CATOSTOMIDAE,BLUEHEAD SUCKER,CATOSTOMUS,B,,163902,N,C,DISCOBOLUS,CL,5.3,I,H,R
2/4/2019,8,CLUPEIDAE,CLUPEIDAE,AMERICAN SHAD,ALOSA,W,,161702,Y,O,SAPIDISSIMA,CL,2.8,I,I,O
2/4/2019,80,CATOSTOMIDAE,CATOSTOMIDAE,BLUEHEAD SUCKER X WHITE SUCKER,CATOSTOMUS,B,,,N,C,DISCOBOLUS X COMMERSONI,CL,,,O,R
2/4/2019,81,PERCIDAE,PERCIDAE,BLUESIDE DARTER,ETHEOSTOMA,B,,168401,N,C,JESSIAE,CL,,,I,R
2/4/2019,82,PERCIDAE,PERCIDAE,BLUESPAR DARTER,ETHEOSTOMA,B,,,N,C,MEADIAE,CL,,,I,R
2/4/2019,83,CENTRARCHIDAE,CENTRARCHIDAE,BLUESPOTTED SUNFISH,ENNEACANTHUS,W,,168113,N,G,GLORIOSUS,WM,,I,I,P
2/4/2019,84,CENTRARCHIDAE,CENTRARCHIDAE,BLUESPOTTED SUNFISH X REDSPOTTED SUNFISH,ENNEACANTHUS X LEPOMIS,W,,,N,G,GLORIOSUS X MINIATUS,WM,,,I,P
2/4/2019,85,PERCIDAE,PERCIDAE,BLUESTRIPE DARTER,PERCINA,B,,168482,N,C,CYMATOTAENIA,CL,,S,I,R
2/4/2019,86,CYPRINIDAE,CYPRINIDAE,BLUNTFACE SHINER,CYPRINELLA,W,,163776,N,O,CAMURA,WM,,S,O,O
2/4/2019,87,PERCIDAE,PERCIDAE,BLUNTNOSE DARTER,ETHEOSTOMA,B,,168365,N,G,CHLOROSOMA,CL,,,I,O
2/4/2019,88,CYPRINIDAE,CYPRINIDAE,BLUNTNOSE MINNOW,PIMEPHALES,W,,163516,N,G,NOTATUS,WM,7.7,T,O,O
2/4/2019,89,CYPRINIDAE,CYPRINIDAE,BLUNTNOSE SHINER,NOTROPIS,W,,163418,N,D,SIMUS,WM,,,O,O
2/4/2019,9,CYPRINIDAE,CYPRINIDAE,APALACHEE SHINER,PTERONOTROPIS,W,,689763,N,O,GRANDIPINNIS,WM,,,O,O
2/4/2019,90,SALMONIDAE,SALMONIDAE,BONNEVILLE CUTTHROAT TROUT,ONCORHYNCHUS,W,,553427,Y,C,CLARKII UTAH,CD,,,C,R
2/4/2019,91,CYPRINIDAE,CYPRINIDAE,BONYTAIL,GILA,W,,163553,Y,C,ELEGANS,WM,4,S,O,R
2/4/2019,92,AMIIDAE,AMIIDAE,BOWFIN,AMIA,W,,161104,N,G,CALVA,WM,,T,C,O
2/4/2019,93,CATOSTOMIDAE,CATOSTOMIDAE,BRASSY JUMPROCK,MOXOSTOMA,B,,,N,C,CF. LACHNERI,WM,,,O,O
2/4/2019,94,CYPRINIDAE,CYPRINIDAE,BRASSY MINNOW,HYBOGNATHUS,B,,163363,N,O,HANKINSONI,CL,9.5,I,O,O
2/4/2019,95,CATOSTOMIDAE,CATOSTOMIDAE,BRIDGELIP SUCKER,CATOSTOMUS,B,,163897,Y,C,COLUMBIANUS,CL,2.8,S,H,R
2/4/2019,96,CYPRINIDAE,CYPRINIDAE,BRIDLE SHINER,NOTROPIS,W,,163402,N,O,BIFRENATUS,CL,,S,O,O
2/4/2019,97,PERCIDAE,PERCIDAE,BRIGHTEYE DARTER,ETHEOSTOMA,B,,168456,N,C,LYNCEUM,CL,,,I,R
2/4/2019,98,ICTALURIDAE,ICTALURIDAE,BRINDLED MADTOM,NOTURUS,B,,164020,N,G,MIURUS,WM,,S,I,O
2/4/2019,99,PERCIDAE,PERCIDAE,BRONZE DARTER,PERCINA,B,,168492,N,C,PALMARIS,WM,,,I,R
2/4/2019,99999,,,NO FISH,,,,,,,,,,,,
